# Alias OBJ Model File
# Exported from SketchUp, (c) 2000-2012 Trimble Navigation Limited
# File units = inches

mtllib iMac_2021_blue.mtl

g Mesh1 Group3 Group2 Group1 Model

usemtl Metal_Corrugated_Shiny
v 13.0688 6.64239 -2.85892
vt 6.66667 -0.289171
vn 0 -1 -0
v 13.0688 6.64984 -2.8023
vt 6.66667 -0.213031
vn 0 -0.965926 0.258819
v 8.06879 6.64984 -2.8023
vt 0 -0.213031
v 8.06879 6.64239 -2.85892
vt 0 -0.289171
f 1/1/1 2/2/2 3/3/2 4/4/1 

v 13.0688 6.91775 -2.64762
vt 0.0099383 0.367156
vn 1 0 -0
v 13.0688 6.86114 -2.64017
vt 0 0.291667
v 13.0688 6.80452 -2.64762
vt 0.0099383 0.216178
v 13.0688 6.75176 -2.66947
vt 0.0390759 0.145833
v 13.0688 6.70646 -2.70424
vt 0.0854272 0.0854272
v 13.0688 6.67169 -2.74954
vt 0.145833 0.0390759
vt 0.216178 0.0099383
vt 0.291667 0
v 13.0688 6.64984 -2.91553
vt 0.367156 0.0099383
v 13.0688 6.67169 -2.96829
vt 0.4375 0.0390759
v 13.0688 6.70646 -3.0136
vt 0.497906 0.0854272
v 13.0688 6.75176 -3.04836
vt 0.544257 0.145833
v 13.0688 6.80452 -3.07021
vt 0.573395 0.216178
v 13.0688 6.86114 -3.07767
vt 0.583333 0.291667
v 13.0688 6.91775 -3.07021
vt 0.573395 0.367156
v 13.0688 6.97051 -3.04836
vt 0.544257 0.4375
v 13.0688 7.01582 -3.0136
vt 0.497906 0.497906
v 13.0688 7.05058 -2.96829
vt 0.4375 0.544257
v 13.0688 7.07243 -2.91553
vt 0.367156 0.573395
v 13.0688 7.07989 -2.85892
vt 0.291667 0.583333
v 13.0688 7.07243 -2.8023
vt 0.216178 0.573395
v 13.0688 7.05058 -2.74954
vt 0.145833 0.544257
v 13.0688 7.01582 -2.70424
vt 0.0854272 0.497906
v 13.0688 6.97051 -2.66947
vt 0.0390759 0.4375
f 5/5/3 6/6/3 7/7/3 8/8/3 9/9/3 10/10/3 2/11/3 1/12/3 11/13/3 12/14/3 13/15/3 14/16/3 15/17/3 16/18/3 17/19/3 18/20/3 19/21/3 20/22/3 21/23/3 22/24/3 23/25/3 24/26/3 25/27/3 26/28/3 

vt 6.66667 0.289171
vn 0 0 1
vt 6.66667 0.365312
vn 0 0.258819 0.965926
v 8.06879 6.91775 -2.64762
vt 0 0.365312
v 8.06879 6.86114 -2.64017
vt 0 0.289171
f 6/29/4 5/30/5 27/31/5 28/32/4 

vt 6.66667 0.343011
vt 6.66667 0.419151
vn 0 0.5 0.866025
v 8.06879 6.97051 -2.66947
vt 0 0.419151
vt 0 0.343011
f 5/33/5 26/34/6 29/35/6 27/36/5 

vt 6.66667 0.37088
vt 6.66667 0.44702
vn 0 0.707107 0.707107
v 8.06879 7.01582 -2.70424
vt 0 0.44702
vt 0 0.37088
f 26/37/6 25/38/7 30/39/7 29/40/6 

vn 0 0.866025 0.5
v 8.06879 7.05058 -2.74954
f 25/37/7 24/38/8 31/39/8 30/40/7 

vn 0 0.965926 0.258819
v 8.06879 7.07243 -2.8023
f 24/33/8 23/34/9 32/35/9 31/36/8 

vn 0 1 -0
v 8.06879 7.07989 -2.85892
f 23/29/9 22/30/10 33/31/10 32/32/9 

vt -6.66667 -0.213031
vt -6.66667 -0.289171
vn 0 0.965926 -0.258819
v 8.06879 7.07243 -2.91553
f 22/41/10 21/42/11 34/4/11 33/3/10 

vt -6.66667 -0.119779
vt -6.66667 -0.195919
vn 0 0.866025 -0.5
v 8.06879 7.05058 -2.96829
vt 0 -0.195919
vt 0 -0.119779
f 21/43/11 20/44/12 35/45/12 34/46/11 

vt -6.66667 -0.0157692
vt -6.66667 -0.0919094
vn 0 0.707107 -0.707107
v 8.06879 7.01582 -3.0136
vt 0 -0.0919094
vt 0 -0.0157692
f 20/47/12 19/48/13 36/49/13 35/50/12 

vt -6.66667 0.0919094
vt -6.66667 0.0157692
vn 0 0.5 -0.866025
v 8.06879 6.97051 -3.04836
vt 0 0.0157692
vt 0 0.0919094
f 19/51/13 18/52/14 37/53/14 36/54/13 

vt -6.66667 0.195919
vt -6.66667 0.119779
vn 0 0.258819 -0.965926
v 8.06879 6.91775 -3.07021
vt 0 0.119779
vt 0 0.195919
f 18/55/14 17/56/15 38/57/15 37/58/14 

vt -6.66667 0.289171
vt -6.66667 0.213031
vn 0 0 -1
v 8.06879 6.86114 -3.07767
vt 0 0.213031
f 17/59/15 16/60/16 39/61/16 38/32/15 

vt -6.66667 0.365312
vn 0 -0.258819 -0.965926
v 8.06879 6.80452 -3.07021
f 16/62/16 15/59/17 40/32/17 39/31/16 

vt -6.66667 0.419151
vt -6.66667 0.343011
vn 0 -0.5 -0.866025
v 8.06879 6.75176 -3.04836
f 15/63/17 14/64/18 41/36/18 40/35/17 

vt -6.66667 0.44702
vt -6.66667 0.37088
vn 0 -0.707107 -0.707107
v 8.06879 6.70646 -3.0136
f 14/65/18 13/66/19 42/40/19 41/39/18 

vn 0 -0.866025 -0.5
v 8.06879 6.67169 -2.96829
f 13/65/19 12/66/20 43/40/20 42/39/19 

vn 0 -0.965926 -0.258819
v 8.06879 6.64984 -2.91553
f 12/63/20 11/64/21 44/36/21 43/35/20 

f 11/62/21 1/59/1 4/32/1 44/31/21 

vn -1 0 -0
vt -0.0099383 0.367156
vt -0.0390759 0.4375
vt -0.0854272 0.497906
vt -0.145833 0.544257
vt -0.216178 0.573395
vt -0.291667 0.583333
vt -0.367156 0.573395
vt -0.4375 0.544257
vt -0.497906 0.497906
vt -0.544257 0.4375
vt -0.573395 0.367156
vt -0.583333 0.291667
vt -0.573395 0.216178
vt -0.544257 0.145833
vt -0.497906 0.0854272
vt -0.4375 0.0390759
vt -0.367156 0.0099383
vt -0.291667 0
vt -0.216178 0.0099383
v 8.06879 6.67169 -2.74954
vt -0.145833 0.0390759
v 8.06879 6.70646 -2.70424
vt -0.0854272 0.0854272
v 8.06879 6.75176 -2.66947
vt -0.0390759 0.145833
v 8.06879 6.80452 -2.64762
vt -0.0099383 0.216178
f 28/6/22 27/67/22 29/68/22 30/69/22 31/70/22 32/71/22 33/72/22 34/73/22 35/74/22 36/75/22 37/76/22 38/77/22 39/78/22 40/79/22 41/80/22 42/81/22 43/82/22 44/83/22 4/84/22 3/85/22 45/86/22 46/87/22 47/88/22 48/89/22 

vt 6.66667 -0.195919
vt 6.66667 -0.119779
vn 0 -0.866025 0.5
f 2/90/2 10/91/23 45/46/23 3/45/2 

vt 6.66667 -0.0919094
vt 6.66667 -0.0157692
vn 0 -0.707107 0.707107
f 10/92/23 9/93/24 46/50/24 45/49/23 

vt 6.66667 0.0157692
vt 6.66667 0.0919094
vn 0 -0.5 0.866025
f 9/94/24 8/95/25 47/54/25 46/53/24 

vt 6.66667 0.119779
vt 6.66667 0.195919
vn 0 -0.258819 0.965926
f 8/96/25 7/97/26 48/58/26 47/57/25 

vt 6.66667 0.213031
f 7/98/26 6/29/4 28/32/4 48/61/26 

g Mesh2 Group4 Group2 Group1 Model

usemtl Material9
v 8.56879 6.76652 -2.48193
vt 0 0
v 12.5688 6.76652 -2.48193
vt 4 0
v 12.5688 6.92372 -2.48193
vt 4 0.157204
v 8.56879 6.92372 -2.48193
vt 0 0.157204
f 49/99/4 50/100/4 51/101/4 52/102/4 

v 8.56879 6.76652 -2.57952
vt 0 0.0350879
v 12.5688 6.76652 -2.57952
vt -4 0.0350879
vt -4 -0.0625
vt 0 -0.0625
f 53/103/1 54/104/1 50/105/1 49/106/1 

vt -0.0625 0
vt 0.0350879 0
v 12.5688 6.7843 -2.57216
vt 0.0277231 0.0177802
v 12.5688 6.86114 -2.56204
vt 0.0176073 0.0946171
v 12.5688 6.92372 -2.57028
vt 0.025847 0.157204
vt -0.0625 0.157204
f 50/107/3 54/108/3 55/109/3 56/110/3 57/111/3 51/112/3 

vt 4 -0.0625
vt 4 0.025847
v 8.56879 6.92372 -2.57028
vt 0 0.025847
f 52/106/10 51/113/10 57/114/10 58/115/10 

vt -0.0350879 0
vt 0.0625 0
vt 0.0625 0.157204
vt -0.025847 0.157204
v 8.56879 6.86114 -2.56204
vt -0.0176073 0.0946171
v 8.56879 6.7843 -2.57216
vt -0.0277231 0.0177802
f 53/116/22 49/117/22 52/118/22 58/119/22 59/120/22 60/121/22 

g Mesh3 Group2 Group1 Model

usemtl aluminum
v 13.045 6.21725e-15 -5.38707
vt 2.63059 6.19564e-15
vn 0.92388 7.19799e-19 -0.382683
v 13.0269 7.10543e-15 -5.42373
vt 2.67147 7.08382e-15
vn 0.866025 -6.12181e-19 -0.5
v 13.0269 0.25 -5.42373
vt 2.67147 0.25
v 13.045 0.25 -5.38707
vt 2.63059 0.25
f 61/122/27 62/123/28 63/124/28 64/125/27 

v 12.7563 1.06581e-14 -2.22045e-15
vt -4.6875 -1.59255e-30
vn 5.28219e-16 -1 1.70535e-16
v 8.38129 1.06581e-14 -3.10862e-15
vt -0.3125 8.88178e-16
v 8.3405 9.76996e-15 -0.00267348
vt -0.271711 0.00267348
v 8.30041 8.88178e-15 -0.0106482
vt -0.231619 0.0106482
v 8.2617 7.99361e-15 -0.0237876
vt -0.192911 0.0237876
v 8.22504 7.10543e-15 -0.0418671
vt -0.15625 0.0418671
v 8.19105 6.21725e-15 -0.0645771
vt -0.122262 0.0645771
v 8.16032 5.32907e-15 -0.0915291
vt -0.0915291 0.0915291
v 8.13337 5.32907e-15 -0.122262
vt -0.0645771 0.122262
v 8.11066 4.44089e-15 -0.15625
vt -0.0418671 0.15625
v 8.09258 3.9968e-15 -0.192911
vt -0.0237876 0.192911
v 8.07944 3.55271e-15 -0.231619
vt -0.0106482 0.231619
v 8.07146 3.55271e-15 -0.271711
vt -0.00267348 0.271711
v 8.06879 3.55271e-15 -0.3125
vt -1.87661e-30 0.3125
v 8.06879 3.55271e-15 -5.26748
vt -1.87661e-30 5.26748
v 8.07095 4.44089e-15 -5.30845
vt -0.00216676 5.30845
v 8.07854 4.44089e-15 -5.34878
vt -0.00975572 5.34878
v 8.09142 5.32907e-15 -5.38774
vt -0.0226324 5.38774
v 8.10936 5.32907e-15 -5.42464
vt -0.0405688 5.42464
v 8.13204 5.32907e-15 -5.45883
vt -0.0632471 5.45883
v 8.15905 4.88498e-15 -5.48971
vt -0.0902656 5.48971
v 8.18993 4.44089e-15 -5.51673
vt -0.121146 5.51673
v 8.22413 3.55271e-15 -5.53941
vt -0.15534 5.53941
v 8.26103 3.10862e-15 -5.55735
vt -0.192244 5.55735
v 8.29999 2.22045e-15 -5.57022
vt -0.231202 5.57022
v 8.34031 8.88178e-16 -5.57781
vt -0.271526 5.57781
v 8.38129 0 -5.57998
vt -0.3125 5.57998
v 12.7563 1.06581e-14 -5.57998
vt -4.6875 5.57998
v 12.7971 1.06581e-14 -5.57731
vt -4.72829 5.57731
v 12.8372 1.02141e-14 -5.56933
vt -4.76838 5.56933
v 12.8759 9.76996e-15 -5.55619
vt -4.80709 5.55619
v 12.9125 9.76996e-15 -5.53811
vt -4.84375 5.53811
v 12.9465 8.88178e-15 -5.5154
vt -4.87774 5.5154
v 12.9773 8.43769e-15 -5.48845
vt -4.90847 5.48845
v 13.0042 7.99361e-15 -5.45772
vt -4.93542 5.45772
vt -4.95813 5.42373
vt -4.97621 5.38707
v 13.0581 5.32907e-15 -5.34836
vt -4.98935 5.34836
v 13.0661 4.44089e-15 -5.30827
vt -4.99733 5.30827
v 13.0688 3.55271e-15 -5.26748
vt -5 5.26748
v 13.0688 3.55271e-15 -0.3125
vt -5 0.3125
v 13.0661 3.9968e-15 -0.271711
vt -4.99733 0.271711
v 13.0581 4.44089e-15 -0.231619
vt -4.98935 0.231619
v 13.045 5.32907e-15 -0.192911
vt -4.97621 0.192911
v 13.0269 5.77316e-15 -0.15625
vt -4.95813 0.15625
v 13.0042 6.21725e-15 -0.122262
vt -4.93542 0.122262
v 12.9773 7.10543e-15 -0.0915291
vt -4.90847 0.0915291
v 12.9465 7.99361e-15 -0.0645771
vt -4.87774 0.0645771
v 12.9125 8.43769e-15 -0.0418671
vt -4.84375 0.0418671
v 12.8759 8.88178e-15 -0.0237876
vt -4.80709 0.0237876
v 12.8372 9.76996e-15 -0.0106482
vt -4.76838 0.0106482
v 12.7971 1.02141e-14 -0.00267348
vt -4.72829 0.00267348
f 65/126/29 66/127/29 67/128/29 68/129/29 69/130/29 70/131/29 71/132/29 72/133/29 73/134/29 74/135/29 75/136/29 76/137/29 77/138/29 78/139/29 79/140/29 80/141/29 81/142/29 82/143/29 83/144/29 84/145/29 85/146/29 86/147/29 87/148/29 88/149/29 89/150/29 90/151/29 91/152/29 92/153/29 93/154/29 94/155/29 95/156/29 96/157/29 97/158/29 98/159/29 99/160/29 62/161/29 61/162/29 100/163/29 101/164/29 102/165/29 103/166/29 104/167/29 105/168/29 106/169/29 107/170/29 108/171/29 109/172/29 110/173/29 111/174/29 112/175/29 113/176/29 114/177/29 

vt 0.3125 1.06581e-14
vn -0.0327191 -4.34495e-19 0.999465
vt 4.6875 1.06581e-14
vn 0.0327191 3.42243e-19 0.999465
v 12.7563 0.25 -2.22045e-15
vt 4.6875 0.25
v 8.38129 0.25 -3.10862e-15
vt 0.3125 0.25
f 66/178/30 65/179/31 115/180/31 116/181/30 

vt 4.67746 1.06579e-14
vt 4.71834 1.02138e-14
vn 0.130526 -1.51061e-18 0.991445
v 12.7971 0.25 -0.00267348
vt 4.71834 0.25
vt 4.67746 0.25
f 65/182/31 114/183/32 117/184/32 115/185/31 

vt 4.63796 1.02175e-14
vt 4.67884 9.77336e-15
vn 0.258819 -9.91462e-19 0.965926
v 12.8372 0.25 -0.0106482
vt 4.67884 0.25
vt 4.63796 0.25
f 114/186/32 113/187/33 118/188/33 117/189/32 

vt 4.51875 9.76734e-15
vt 4.55962 8.87916e-15
vn 0.382683 -3.02589e-18 0.92388
v 12.8759 0.25 -0.0237876
vt 4.55962 0.25
vt 4.51875 0.25
f 113/190/33 112/191/34 119/192/34 118/193/33 

vt 4.32187 8.89812e-15
vt 4.36274 8.45403e-15
vn 0.5 -3.17871e-18 0.866025
v 12.9125 0.25 -0.0418671
vt 4.36274 0.25
vt 4.32187 0.25
f 112/194/34 111/195/35 120/196/35 119/197/34 

vt 4.05069 8.43394e-15
vt 4.09157 7.98985e-15
vn 0.608761 1.2787e-18 0.793353
v 12.9465 0.25 -0.0645771
vt 4.09157 0.25
vt 4.05069 0.25
f 111/198/35 110/199/36 121/200/36 120/201/35 

vt 3.70986 7.99001e-15
vt 3.75073 7.10183e-15
vn 0.707107 -8.26657e-20 0.707107
v 12.9773 0.25 -0.0915291
vt 3.75073 0.25
vt 3.70986 0.25
f 110/202/36 109/203/37 122/204/37 121/205/36 

vt 3.30519 7.11015e-15
vt 3.34607 6.22197e-15
vn 0.793353 1.62775e-19 0.608761
v 13.0042 0.25 -0.122262
vt 3.34607 0.25
vt 3.30519 0.25
f 109/206/37 108/207/38 123/208/38 122/209/37 

vt 2.84363 6.21068e-15
vt 2.88451 5.7666e-15
vn 0.866025 2.60481e-19 0.5
v 13.0269 0.25 -0.15625
vt 2.88451 0.25
vt 2.84363 0.25
f 108/210/38 107/211/39 124/212/39 123/213/38 

vt 2.33306 5.778e-15
vt 2.37394 5.33392e-15
vn 0.92388 -1.41649e-18 0.382683
v 13.045 0.25 -0.192911
vt 2.37394 0.25
vt 2.33306 0.25
f 107/214/39 106/215/40 125/216/40 124/217/39 

vt 1.78222 5.33707e-15
vt 1.8231 4.44889e-15
vn 0.965926 -7.1358e-19 0.258819
v 13.0581 0.25 -0.231619
vt 1.8231 0.25
vt 1.78222 0.25
f 106/218/40 105/219/41 126/220/41 125/221/40 

vt 1.20054 4.43946e-15
vt 1.24142 3.99537e-15
vn 0.991445 1.38554e-19 0.130526
v 13.0661 0.25 -0.271711
vt 1.24142 0.25
vt 1.20054 0.25
f 105/222/41 104/223/42 127/224/42 126/225/41 

vt 0.59797 3.9969e-15
vt 0.638847 3.55281e-15
vn 0.999465 -9.78696e-21 0.0327191
v 13.0688 0.25 -0.3125
vt 0.638847 0.25
vt 0.59797 0.25
f 104/226/42 103/227/43 128/228/43 127/229/42 

vt 5.26748 3.55271e-15
vn 0.999465 4.34495e-19 -0.0327191
vt 0.3125 3.55271e-15
f 102/230/44 128/181/43 103/231/43

v 13.0688 0.25 -4.28452
vt 4.28452 0.25
f 128/181/43 102/230/44 129/232/3

v 13.0688 0.273591 -4.3424
vt 4.3424 0.273591
f 129/232/3 102/230/44 130/233/3

v 13.0688 0.310735 -4.39266
vt 4.39266 0.310735
f 130/233/3 102/230/44 131/234/3

v 13.0688 0.363575 -4.42604
vt 4.42604 0.363575
f 131/234/3 102/230/44 132/235/3

v 13.0688 0.424808 -4.43856
vt 4.43856 0.424808
f 132/235/3 102/230/44 133/236/3

v 13.0688 0.487308 -4.43856
vt 4.43856 0.487308
f 133/236/3 102/230/44 134/237/3

v 13.0688 0.299943 -4.7811
vt 4.7811 0.299943
f 134/237/3 102/230/44 135/238/3

v 13.0688 0.273104 -4.83755
vt 4.83755 0.273104
f 135/238/3 102/230/44 136/239/3

v 13.0688 0.25 -4.94037
vt 4.94037 0.25
f 136/239/3 102/230/44 137/240/3

v 13.0688 0.25 -5.26748
vt 5.26748 0.25
f 137/240/3 102/230/44 138/241/44

vt 4.92919 3.54808e-15
vt 4.97006 4.43626e-15
vn 0.991445 1.08033e-18 -0.130526
v 13.0661 0.25 -5.30827
vt 4.97006 0.25
vt 4.92919 0.25
f 102/242/44 101/243/45 139/244/45 138/245/44 

vt 4.23134 4.43325e-15
vt 4.27222 5.32143e-15
vn 0.965926 -2.16797e-19 -0.258819
v 13.0581 0.25 -5.34836
vt 4.27222 0.25
vt 4.23134 0.25
f 101/246/45 100/247/46 140/248/46 139/249/45 

vt 3.46075 5.34015e-15
vt 3.50163 6.22833e-15
vt 3.50163 0.25
vt 3.46075 0.25
f 100/250/46 61/251/27 64/252/27 140/253/46 

v 8.06879 0.25 -5.26748
vt 1.95956e-16 5.26748
vn -7.83824e-16 1 4.86218e-15
v 8.06879 0.25 -4.94037
vt 1.95956e-16 4.94037
vn -3.94317e-16 0.9939 -0.110287
vt 5 4.94037
vt 5 5.26748
vt 4.99733 5.30827
vt 4.98935 5.34836
vt 4.97621 5.38707
vt 4.95813 5.42373
v 13.0042 0.25 -5.45772
vt 4.93542 5.45772
v 12.9773 0.25 -5.48845
vt 4.90847 5.48845
v 12.9465 0.25 -5.5154
vt 4.87774 5.5154
v 12.9125 0.25 -5.53811
vt 4.84375 5.53811
v 12.8759 0.25 -5.55619
vt 4.80709 5.55619
v 12.8372 0.25 -5.56933
vt 4.76838 5.56933
v 12.7971 0.25 -5.57731
vt 4.72829 5.57731
v 12.7563 0.25 -5.57998
vt 4.6875 5.57998
v 8.38129 0.25 -5.57998
vt 0.3125 5.57998
v 8.34031 0.25 -5.57781
vt 0.271526 5.57781
v 8.29999 0.25 -5.57022
vt 0.231202 5.57022
v 8.26103 0.25 -5.55735
vt 0.192244 5.55735
v 8.22413 0.25 -5.53941
vt 0.15534 5.53941
v 8.18993 0.25 -5.51673
vt 0.121146 5.51673
v 8.15905 0.25 -5.48971
vt 0.0902656 5.48971
v 8.13204 0.25 -5.45883
vt 0.0632471 5.45883
v 8.10936 0.25 -5.42464
vt 0.0405688 5.42464
v 8.09142 0.25 -5.38774
vt 0.0226324 5.38774
v 8.07854 0.25 -5.34878
vt 0.00975572 5.34878
v 8.07095 0.25 -5.30845
vt 0.00216676 5.30845
f 141/254/47 142/255/48 137/256/48 138/257/47 139/258/47 140/259/47 64/260/47 63/261/47 143/262/47 144/263/47 145/264/47 146/265/47 147/266/47 148/267/47 149/268/47 150/269/47 151/270/47 152/271/47 153/272/47 154/273/47 155/274/47 156/275/47 157/276/47 158/277/47 159/278/47 160/279/47 161/280/47 162/281/47 

vt -5.26748 3.55271e-15
vn -0.999651 1.50719e-19 -0.0264129
vt -4.94037 0.25
vt -5.26748 0.25
f 79/282/49 142/283/22 141/284/49

v 8.06879 0.273104 -4.83755
vt -4.83755 0.273104
f 79/282/49 163/285/22 142/283/22

v 8.06879 0.299943 -4.7811
vt -4.7811 0.299943
f 79/282/49 164/286/22 163/285/22

v 8.06879 0.424808 -4.43856
vt -4.43856 0.424808
f 79/282/49 165/287/22 164/286/22

v 8.06879 0.363575 -4.42604
vt -4.42604 0.363575
f 79/282/49 166/288/22 165/287/22

v 8.06879 0.310735 -4.39266
vt -4.39266 0.310735
f 79/282/49 167/289/22 166/288/22

v 8.06879 0.273591 -4.3424
vt -4.3424 0.273591
f 79/282/49 168/290/22 167/289/22

v 8.06879 0.25 -4.28452
vt -4.28452 0.25
f 79/282/49 169/291/22 168/290/22

vt -0.3125 3.55271e-15
vn -0.999465 -1.15964e-19 0.0327191
f 78/292/50 169/291/22 79/282/49

v 8.06879 0.25 -0.3125
vt -0.3125 0.25
f 169/291/22 78/292/50 170/293/50

vt -0.311831 3.55271e-15
vt -0.270954 3.55271e-15
vn -0.991445 -7.57369e-19 0.130526
v 8.07146 0.25 -0.271711
vt -0.270954 0.25
vt -0.311831 0.25
f 78/294/50 77/295/51 171/296/51 170/297/50 

vt -0.265968 3.55264e-15
vt -0.225091 3.55264e-15
vn -0.965926 -8.98585e-19 0.258819
v 8.07944 0.25 -0.231619
vt -0.225091 0.25
vt -0.265968 0.25
f 77/298/51 76/299/52 172/300/52 171/301/51 

vt -0.215904 3.55267e-15
vt -0.175027 3.99676e-15
vn -0.92388 3.63046e-18 0.382683
v 8.09258 0.25 -0.192911
vt -0.175027 0.25
vt -0.215904 0.25
f 76/302/52 75/303/53 173/304/53 172/305/52 

vt -0.162496 3.99763e-15
vt -0.121619 4.44172e-15
vn -0.866025 3.17871e-18 0.5
v 8.11066 0.25 -0.15625
vt -0.121619 0.25
vt -0.162496 0.25
f 75/306/53 74/307/54 174/308/54 173/309/53 

vt -0.106657 4.44072e-15
vt -0.0657801 5.3289e-15
vn -0.793353 5.84733e-16 0.608761
v 8.13337 0.25 -0.122262
vt -0.0657801 0.25
vt -0.106657 0.25
f 74/310/54 73/311/55 175/312/55 174/313/54 

vt -0.0493429 5.47998e-15
vt -0.00846589 5.47998e-15
vn -0.707107 1.25525e-15 0.707107
v 8.16032 0.25 -0.0915291
vt -0.00846589 0.25
vt -0.0493429 0.25
f 73/314/55 72/315/56 176/316/56 175/317/55 

vt 0.00846589 5.50173e-15
vt 0.0493429 6.38991e-15
vn -0.608761 6.69154e-16 0.793353
v 8.19105 0.25 -0.0645771
vt 0.0493429 0.25
vt 0.00846589 0.25
f 72/318/56 71/319/57 177/320/57 176/321/56 

vt 0.0657801 6.21709e-15
vt 0.106657 7.10527e-15
vn -0.5 8.3617e-19 0.866025
v 8.22504 0.25 -0.0418671
vt 0.106657 0.25
vt 0.0657801 0.25
f 71/322/57 70/323/58 178/324/58 177/325/57 

vt 0.121619 7.10575e-15
vt 0.162496 7.99392e-15
vn -0.382683 -2.26645e-19 0.92388
v 8.2617 0.25 -0.0237876
vt 0.162496 0.25
vt 0.121619 0.25
f 70/326/58 69/327/59 179/328/59 178/329/58 

vt 0.175027 7.99332e-15
vt 0.215904 8.88149e-15
vn -0.258819 -2.36563e-18 0.965926
v 8.30041 0.25 -0.0106482
vt 0.215904 0.25
vt 0.175027 0.25
f 69/330/59 68/331/60 180/332/60 179/333/59 

vt 0.225091 8.88171e-15
vt 0.265968 9.76989e-15
vn -0.130526 -1.08033e-18 0.991445
v 8.3405 0.25 -0.00267348
vt 0.265968 0.25
vt 0.225091 0.25
f 68/334/60 67/335/61 181/336/61 180/337/60 

vt 0.270954 9.76994e-15
vt 0.311831 1.06581e-14
vt 0.311831 0.25
vt 0.270954 0.25
f 67/338/61 66/339/30 116/340/30 181/341/61 

vt 5 0.3125
vn -1.76686e-16 1 -9.54913e-16
vt 5 4.28452
vt 4.41714e-17 4.28452
vt 4.41714e-17 0.3125
vt 0.00267348 0.271711
vt 0.0106482 0.231619
vt 0.0237876 0.192911
vt 0.0418671 0.15625
vt 0.0645771 0.122262
vt 0.0915291 0.0915291
vt 0.122262 0.0645771
vt 0.15625 0.0418671
vt 0.192911 0.0237876
vt 0.231619 0.0106482
vt 0.271711 0.00267348
vt 0.3125 6.4945e-16
vt 4.6875 -2.38728e-16
vt 4.72829 0.00267348
vt 4.76838 0.0106482
vt 4.80709 0.0237876
vt 4.84375 0.0418671
vt 4.87774 0.0645771
vt 4.90847 0.0915291
vt 4.93542 0.122262
vt 4.95813 0.15625
vt 4.97621 0.192911
vt 4.98935 0.231619
vt 4.99733 0.271711
f 128/342/62 129/343/62 169/344/62 170/345/62 171/346/62 172/347/62 173/348/62 174/349/62 175/350/62 176/351/62 177/352/62 178/353/62 179/354/62 180/355/62 181/356/62 116/357/62 115/358/62 117/359/62 118/360/62 119/361/62 120/362/62 121/363/62 122/364/62 123/365/62 124/366/62 125/367/62 126/368/62 127/369/62 

vt 5 4.06195
vn -3.08149e-33 0.926029 0.377452
vt 5 4.12445
vn -4.65839e-33 0.871904 0.489677
vt -3.54509e-32 4.12445
vt -3.49784e-32 4.06195
f 129/370/63 130/371/64 168/372/64 169/373/63 

vt 5 3.65494
vt 5 3.71744
vn -6.16298e-33 0.804243 0.5943
vt -4.55525e-32 3.71744
vt -4.50313e-32 3.65494
f 130/374/64 131/375/65 167/376/65 168/377/64 

vt 5 2.60862
vn 0 0.534053 0.845451
vt 5 2.67112
vt 0 2.67112
vt 0 2.60862
f 131/378/66 132/379/66 166/380/66 167/381/66 

vt 5 1.243
vn 0 0.200358 0.979723
vt 5 1.3055
vn 0 0.100691 0.994918
vt 0 1.3055
vt 0 1.243
f 132/382/67 133/383/68 165/384/68 166/385/67 

vt 5 0.424808
vt 5 0.487308
vn 0 -0.100097 0.994978
v 8.06879 0.487308 -4.43856
vt 0 0.487308
vt 0 0.424808
f 133/386/68 134/387/69 182/388/69 165/389/68 

vt 5 -0.406565
v 13.0688 0.548555 -4.42611
vt 5 -0.344065
vn 0 -0.214217 0.976786
v 8.06879 0.548555 -4.42611
vt 0 -0.344065
vt 0 -0.406565
f 134/390/69 183/391/70 184/392/70 182/393/69 

v 13.0688 0.39985 -4.69549
vt 4.69549 0.39985
vt 4.42611 0.548555
f 185/394/3 183/395/3 134/237/3

v 13.0688 6.88023 -3.16959
vt 3.16959 6.88023
f 186/396/3 183/395/3 185/394/3

v 13.0688 6.93797 -3.14568
vt 3.14568 6.93797
f 187/397/3 183/395/3 186/396/3

v 13.0688 7.00957 -3.11602
vt 3.11602 7.00957
f 188/398/3 183/395/3 187/397/3

v 13.0688 6.86114 -3.07767
vt 3.07767 6.86114
f 189/399/3 183/395/3 188/398/3

v 13.0688 6.80452 -3.07021
vt 3.07021 6.80452
f 190/400/3 183/395/3 189/399/3

v 13.0688 6.75176 -3.04836
vt 3.04836 6.75176
f 191/401/3 183/395/3 190/400/3

v 13.0688 6.44967 -3.03661
vt 3.03661 6.44967
f 191/401/3 192/402/3 183/395/3

v 13.0688 6.50986 -3.01977
vt 3.01977 6.50986
f 191/401/3 193/403/3 192/402/3

v 13.0688 6.70646 -3.0136
vt 3.0136 6.70646
f 194/404/3 193/403/3 191/401/3

v 13.0688 6.53343 -3.00621
vt 3.00621 6.53343
f 194/404/3 195/405/3 193/403/3

v 13.0688 6.56407 -2.97302
vt 2.97302 6.56407
f 194/404/3 196/406/3 195/405/3

v 13.0688 6.67169 -2.96829
vt 2.96829 6.67169
f 197/407/3 196/406/3 194/404/3

v 13.0688 6.64984 -2.91553
vt 2.91553 6.64984
f 198/408/3 196/406/3 197/407/3

v 13.0688 6.64239 -2.85892
vt 2.85892 6.64239
f 199/409/3 196/406/3 198/408/3

v 13.0688 6.56426 -2.85892
vt 2.85892 6.56426
f 199/409/3 200/410/3 196/406/3

v 13.0688 6.64984 -2.8023
vt 2.8023 6.64984
f 201/411/3 200/410/3 199/409/3

v 13.0688 6.57438 -2.78208
vt 2.78208 6.57438
f 201/411/3 202/412/3 200/410/3

v 13.0688 6.67169 -2.74954
vt 2.74954 6.67169
f 203/413/3 202/412/3 201/411/3

v 13.0688 6.60404 -2.71048
vt 2.71048 6.60404
f 203/413/3 204/414/3 202/412/3

v 13.0688 6.70646 -2.70424
vt 2.70424 6.70646
f 205/415/3 204/414/3 203/413/3

v 13.0688 6.75176 -2.66947
vt 2.66947 6.75176
f 206/416/3 204/414/3 205/415/3

v 13.0688 6.65121 -2.64899
vt 2.64899 6.65121
f 206/416/3 207/417/3 204/414/3

v 13.0688 6.80452 -2.64762
vt 2.64762 6.80452
f 208/418/3 207/417/3 206/416/3

v 13.0688 6.86114 -2.64017
vt 2.64017 6.86114
f 209/419/3 207/417/3 208/418/3

v 13.0688 7.00957 -2.60182
vt 2.60182 7.00957
f 210/420/3 207/417/3 209/419/3

v 13.0688 6.7127 -2.60182
vt 2.60182 6.7127
f 210/420/3 211/421/3 207/417/3

v 13.0688 6.76652 -2.57952
vt 2.57952 6.76652
f 210/420/3 212/422/3 211/421/3

v 13.0688 6.93797 -2.57216
vt 2.57216 6.93797
f 213/423/3 212/422/3 210/420/3

v 13.0688 6.7843 -2.57216
vt 2.57216 6.7843
f 213/423/3 214/424/3 212/422/3

v 13.0688 6.92372 -2.57028
vt 2.57028 6.92372
f 215/425/3 214/424/3 213/423/3

v 13.0688 6.86114 -2.56204
vt 2.56204 6.86114
f 214/424/3 215/425/3 216/426/3

v 8.06879 6.93797 -2.57216
vt 1.6645e-16 7.21435
vn 3.23561e-17 0.258819 0.965926
v 8.06879 6.86114 -2.56204
vt 1.65795e-16 7.13685
vn 3.23561e-17 1.30177e-15 1
vt 5 7.13685
vt 5 7.19998
vn 6.41585e-17 0.130526 0.991445
vt 5 7.21435
f 217/427/71 218/428/72 216/429/72 215/430/73 213/431/71 

vt -2.57216 6.93797
v 8.06879 6.7843 -2.57216
vt -2.57216 6.7843
vt -2.56204 6.86114
f 217/432/22 219/433/22 218/434/22

v 8.06879 7.00957 -2.60182
vt -2.60182 7.00957
f 219/433/22 217/432/22 220/435/22

vt 5 7.39417
vt 5 7.47167
vn -3.10808e-33 0.5 0.866025
vt -1.73561e-32 7.47167
vt -1.71582e-32 7.39417
f 213/436/71 210/437/74 220/438/74 217/439/71 

vt 5 7.14495
v 13.0688 7.07106 -2.64899
vt 5 7.22245
vn -3.10808e-33 0.707107 0.707107
v 8.06879 7.07106 -2.64899
vt 0 7.22245
vt 0 7.14495
f 210/440/74 221/441/75 222/442/75 220/443/74 

vt 2.64899 7.07106
f 209/419/3 221/444/3 210/420/3

v 13.0688 6.91775 -2.64762
vt 2.64762 6.91775
f 221/444/3 209/419/3 223/445/3

v 13.0688 6.97051 -2.66947
vt 2.66947 6.97051
f 221/444/3 223/445/3 224/446/3

v 13.0688 7.11824 -2.71048
vt 2.71048 7.11824
f 221/444/3 224/446/3 225/447/3

v 13.0688 7.01582 -2.70424
vt 2.70424 7.01582
f 225/447/3 224/446/3 226/448/3

v 13.0688 7.05058 -2.74954
vt 2.74954 7.05058
f 225/447/3 226/448/3 227/449/3

v 13.0688 7.1479 -2.78208
vt 2.78208 7.1479
f 225/447/3 227/449/3 228/450/3

v 13.0688 7.07243 -2.8023
vt 2.8023 7.07243
f 228/450/3 227/449/3 229/451/3

v 13.0688 7.15801 -2.85892
vt 2.85892 7.15801
f 228/450/3 229/451/3 230/452/3

v 13.0688 7.07989 -2.85892
vt 2.85892 7.07989
f 230/452/3 229/451/3 231/453/3

v 13.0688 7.07243 -2.91553
vt 2.91553 7.07243
f 230/452/3 231/453/3 232/454/3

v 13.0688 7.1479 -2.93575
vt 2.93575 7.1479
f 230/452/3 232/454/3 233/455/3

v 13.0688 7.05058 -2.96829
vt 2.96829 7.05058
f 233/455/3 232/454/3 234/456/3

v 13.0688 7.11824 -3.00735
vt 3.00735 7.11824
f 233/455/3 234/456/3 235/457/3

v 13.0688 7.01582 -3.0136
vt 3.0136 7.01582
f 235/457/3 234/456/3 236/458/3

v 13.0688 7.07106 -3.06884
vt 3.06884 7.07106
f 235/457/3 236/458/3 237/459/3

v 13.0688 6.97051 -3.04836
vt 3.04836 6.97051
f 237/459/3 236/458/3 238/460/3

v 13.0688 6.91775 -3.07021
vt 3.07021 6.91775
f 237/459/3 238/460/3 239/461/3

f 237/459/3 239/461/3 188/398/3

f 188/398/3 239/461/3 189/399/3

vt -5 3.74166
vn 3.10808e-33 0.707107 -0.707107
vt -5 3.66416
vn -1.72427e-19 0.5 -0.866025
v 8.06879 7.00957 -3.11602
vt 0 3.66416
v 8.06879 7.07106 -3.06884
vt 0 3.74166
f 237/462/76 188/463/77 240/464/77 241/465/76 

vt -5 5.28355
vt -5 5.20605
vn -3.41904e-19 0.382683 -0.92388
vt -5 5.14355
vn -1.71511e-19 0.306939 -0.951729
v 8.06879 6.88023 -3.16959
vt -1.17299e-18 5.14355
v 8.06879 6.93797 -3.14568
vt -1.16413e-18 5.20605
vt -1.15316e-18 5.28355
f 188/466/77 187/467/78 186/468/79 242/469/79 243/470/78 240/471/77 

vt -5 5.97062
v 10.5873 5.23388 -3.55725
vt -2.51855 4.27925
vn 0 0.229196 -0.97338
vt 0 5.97062
f 186/472/79 244/473/80 242/474/79

v 10.7167 5.21684 -3.56126
vt -2.64796 4.26175
f 186/472/79 245/475/80 244/473/80

v 10.8373 5.16689 -3.57302
vt -2.76855 4.21043
f 186/472/79 246/476/80 245/475/80

v 10.9409 5.08743 -3.59173
vt -2.8721 4.1288
f 186/472/79 247/477/80 246/476/80

v 11.0204 4.98388 -3.61612
vt -2.95156 4.02241
f 186/472/79 248/478/80 247/477/80

v 11.0703 4.86329 -3.64451
vt -3.00151 3.89852
f 186/472/79 249/479/80 248/478/80

v 11.0873 4.73388 -3.67498
vt -3.01855 3.76557
f 186/472/79 250/480/80 249/479/80

v 11.0873 3.77294 -3.90125
vt -3.01855 2.77835
f 186/472/79 251/481/80 250/480/80

v 11.0703 3.64353 -3.93172
vt -3.00151 2.64541
f 186/472/79 252/482/80 251/481/80

v 11.0204 3.52294 -3.96011
vt -2.95156 2.52152
f 186/472/79 253/483/80 252/482/80

vt -5 -0.68698
vn 0 0.365075 -0.930978
f 185/484/81 253/483/80 186/472/79

v 10.9409 3.41939 -3.9845
vt -2.8721 2.41513
f 253/483/80 185/484/81 254/485/80

v 10.8373 3.33993 -4.00321
vt -2.76855 2.3335
f 254/485/80 185/484/81 255/486/80

v 10.7167 3.28998 -4.01497
vt -2.64796 2.28218
f 255/486/80 185/484/81 256/487/80

v 10.5873 3.27294 -4.01898
vt -2.51855 2.26468
f 256/487/80 185/484/81 257/488/80

v 10.4579 3.28998 -4.01497
vt -2.38914 2.28218
f 185/484/81 258/489/80 257/488/80

v 10.3373 3.33993 -4.00321
vt -2.26855 2.3335
f 185/484/81 259/490/80 258/489/80

v 10.2338 3.41939 -3.9845
vt -2.165 2.41513
f 185/484/81 260/491/80 259/490/80

v 8.06879 0.39985 -4.69549
vt 0 -0.68698
f 261/492/81 260/491/80 185/484/81

v 10.1543 3.52294 -3.96011
vt -2.08554 2.52152
f 260/491/80 261/492/81 262/493/80

f 262/493/80 261/492/81 242/474/79

vt -4.42611 0.548555
vt -3.16959 6.88023
vt -4.69549 0.39985
f 184/494/22 242/495/22 261/496/22

vt -3.14568 6.93797
f 184/494/22 243/497/22 242/495/22

vt -3.11602 7.00957
f 184/494/22 240/498/22 243/497/22

v 8.06879 6.86114 -3.07767
vt -3.07767 6.86114
f 184/494/22 263/499/22 240/498/22

v 8.06879 6.80452 -3.07021
vt -3.07021 6.80452
f 184/494/22 264/500/22 263/499/22

v 8.06879 6.75176 -3.04836
vt -3.04836 6.75176
f 184/494/22 265/501/22 264/500/22

v 8.06879 6.44967 -3.03661
vt -3.03661 6.44967
f 266/502/22 265/501/22 184/494/22

v 8.06879 6.50986 -3.01977
vt -3.01977 6.50986
f 267/503/22 265/501/22 266/502/22

v 8.06879 6.70646 -3.0136
vt -3.0136 6.70646
f 267/503/22 268/504/22 265/501/22

v 8.06879 6.53343 -3.00621
vt -3.00621 6.53343
f 269/505/22 268/504/22 267/503/22

v 8.06879 6.56407 -2.97302
vt -2.97302 6.56407
f 270/506/22 268/504/22 269/505/22

v 8.06879 6.67169 -2.96829
vt -2.96829 6.67169
f 270/506/22 271/507/22 268/504/22

vt -2.91553 6.64984
f 270/506/22 44/508/22 271/507/22

v 8.06879 6.56426 -2.85892
vt -2.85892 6.56426
f 272/509/22 44/508/22 270/506/22

v 8.06879 6.64239 -2.85892
vt -2.85892 6.64239
f 272/509/22 273/510/22 44/508/22

vt -2.8023 6.64984
f 272/509/22 3/511/22 273/510/22

v 8.06879 6.57438 -2.78208
vt -2.78208 6.57438
f 274/512/22 3/511/22 272/509/22

v 8.06879 6.67169 -2.74954
vt -2.74954 6.67169
f 274/512/22 275/513/22 3/511/22

v 8.06879 6.60404 -2.71048
vt -2.71048 6.60404
f 276/514/22 275/513/22 274/512/22

v 8.06879 6.70646 -2.70424
vt -2.70424 6.70646
f 276/514/22 277/515/22 275/513/22

v 8.06879 6.75176 -2.66947
vt -2.66947 6.75176
f 276/514/22 278/516/22 277/515/22

v 8.06879 6.65121 -2.64899
vt -2.64899 6.65121
f 279/517/22 278/516/22 276/514/22

v 8.06879 6.80452 -2.64762
vt -2.64762 6.80452
f 279/517/22 280/518/22 278/516/22

v 8.06879 6.86114 -2.64017
vt -2.64017 6.86114
f 279/517/22 281/519/22 280/518/22

v 8.06879 6.7127 -2.60182
vt -2.60182 6.7127
f 281/519/22 279/517/22 282/520/22

vt 5 3.66416
vn -3.10808e-33 -0.707107 0.707107
vt 5 3.74166
vn 1.90663e-17 -0.5 0.866025
f 207/521/82 211/522/83 282/465/83 279/464/82 

vt 5 5.28355
vn 1.90663e-17 -0.258819 0.965926
vt 1.05256e-16 5.28355
vt 1.0647e-16 5.20605
vt 5 5.20605
vt 5 5.26431
vn 3.78063e-17 -0.382683 0.92388
f 214/523/84 219/524/84 282/525/83 211/526/83 212/527/85 

vt 5 6.46803
vt 0 6.46803
vt 0 6.39053
vt 5 6.39053
f 216/528/72 218/529/72 219/530/84 214/531/84 

f 219/433/22 220/435/22 282/520/22

vt -2.64899 7.07106
f 282/520/22 220/435/22 222/532/22

f 282/520/22 222/532/22 281/519/22

v 8.06879 6.91775 -2.64762
vt -2.64762 6.91775
f 281/519/22 222/532/22 283/533/22

v 8.06879 6.97051 -2.66947
vt -2.66947 6.97051
f 283/533/22 222/532/22 284/534/22

v 8.06879 7.11824 -2.71048
vt -2.71048 7.11824
f 284/534/22 222/532/22 285/535/22

vt 5 6.40618
vt 5 6.48368
vn -4.66212e-33 0.866025 0.5
vt -2.74403e-32 6.48368
vt -2.68179e-32 6.40618
f 221/536/75 225/537/86 285/538/86 222/539/75 

vt 5 5.22819
vt 5 5.30569
vn -1.55404e-33 0.965926 0.258819
v 8.06879 7.1479 -2.78208
vt -2.24022e-32 5.30569
vt -2.18256e-32 5.22819
f 225/540/86 228/541/87 286/542/87 285/543/86 

vt 5 3.69127
vt 5 3.76877
vn 0 1 -1.39975e-17
v 8.06879 7.15801 -2.85892
vt 0 3.76877
vt 0 3.69127
f 228/544/87 230/545/88 287/546/88 286/547/87 

vt -5 -1.90015
vt -5 -1.97765
vn 1.55404e-33 0.965926 -0.258819
v 8.06879 7.1479 -2.93575
vt 0 -1.97765
vt 0 -1.90015
f 230/548/88 233/549/89 288/550/89 287/551/88 

vt -5 0.023099
vt -5 -0.0544009
vn 4.66212e-33 0.866025 -0.5
v 8.06879 7.11824 -3.00735
vt 2.42162e-32 -0.0544009
vt 2.36396e-32 0.023099
f 233/552/89 235/553/90 289/554/90 288/555/89 

vt -5 1.94741
vt -5 1.86991
vt 3.10683e-32 1.86991
vt 3.04458e-32 1.94741
f 235/556/90 237/557/76 241/558/76 289/559/90 

v 8.06879 7.01582 -3.0136
vt -3.0136 7.01582
vt -3.00735 7.11824
vt -3.06884 7.07106
f 290/560/22 289/561/22 241/562/22

v 8.06879 7.05058 -2.96829
vt -2.96829 7.05058
f 291/563/22 289/561/22 290/560/22

vt -2.93575 7.1479
f 291/563/22 288/564/22 289/561/22

v 8.06879 7.07243 -2.91553
vt -2.91553 7.07243
f 292/565/22 288/564/22 291/563/22

v 8.06879 7.07989 -2.85892
vt -2.85892 7.07989
f 293/566/22 288/564/22 292/565/22

vt -2.85892 7.15801
f 293/566/22 287/567/22 288/564/22

v 8.06879 7.07243 -2.8023
vt -2.8023 7.07243
f 294/568/22 287/567/22 293/566/22

vt -2.78208 7.1479
f 294/568/22 286/569/22 287/567/22

v 8.06879 7.05058 -2.74954
vt -2.74954 7.05058
f 295/570/22 286/569/22 294/568/22

f 295/570/22 285/535/22 286/569/22

v 8.06879 7.01582 -2.70424
vt -2.70424 7.01582
f 296/571/22 285/535/22 295/570/22

f 284/534/22 285/535/22 296/571/22

v 8.06879 6.97051 -3.04836
vt -3.04836 6.97051
f 290/560/22 241/562/22 297/572/22

v 8.06879 6.91775 -3.07021
vt -3.07021 6.91775
f 297/572/22 241/562/22 298/573/22

f 298/573/22 241/562/22 240/498/22

f 298/573/22 240/498/22 263/499/22

vt 5 1.86991
vn -4.66212e-33 -0.866025 0.5
vt 5 1.94741
vt -2.68179e-32 1.94741
vt -2.74403e-32 1.86991
f 204/574/91 207/575/82 279/576/82 276/577/91 

vt 5 -0.0544009
vn -1.55404e-33 -0.965926 0.258819
vt 5 0.023099
vt -2.18256e-32 0.023099
vt -2.24022e-32 -0.0544009
f 202/578/92 204/579/91 276/580/91 274/581/92 

vt 5 -1.97765
vn 6.03111e-36 -0.997802 0.0662609
vt 5 -1.90015
f 200/582/93 202/583/92 274/551/92 272/550/93 

vt 5 -2.96173
vn 1.20371e-35 -0.999999 0.00171929
vt 5 -2.84763
vt 2.00158e-32 -2.84763
vt 2.08146e-32 -2.96173
f 196/584/94 200/585/93 272/586/93 270/587/94 

vt 5 2.22157
vn 0 -0.623925 0.781484
vt 5 2.26674
vn 0 -0.734898 0.678178
vt 0 2.26674
vt 0 2.22157
f 195/588/95 196/589/96 270/590/96 269/591/95 

vt 5 4.13724
vn 0 -0.387034 0.922066
vt 5 4.16443
vt 0 4.16443
vt 0 4.13724
f 193/592/97 195/593/95 269/594/95 267/595/97 

vt 5 5.39287
vn 0 -0.249381 0.968405
vt 5 5.45537
vt 0 5.45537
vt 0 5.39287
f 192/596/98 193/597/97 267/598/97 266/599/98 

vt 0 5.58201
v 10.5873 5.23388 -3.32289
vt 2.51855 4.33296
vn 0 -0.229196 0.97338
vt 5 5.58201
f 266/600/98 299/601/99 192/602/98

v 10.4579 5.21684 -3.3269
vt 2.38914 4.31546
f 266/600/98 300/603/99 299/601/99

v 10.3373 5.16689 -3.33866
vt 2.26855 4.26414
f 266/600/98 301/604/99 300/603/99

v 10.2338 5.08743 -3.35737
vt 2.165 4.18251
f 266/600/98 302/605/99 301/604/99

v 10.1543 4.98388 -3.38175
vt 2.08554 4.07613
f 266/600/98 303/606/99 302/605/99

v 10.1044 4.86329 -3.41015
vt 2.03559 3.95224
f 266/600/98 304/607/99 303/606/99

v 10.0873 4.73388 -3.44062
vt 2.01855 3.81929
f 266/600/98 305/608/99 304/607/99

v 10.0873 3.77294 -3.66689
vt 2.01855 2.83207
f 266/600/98 306/609/99 305/608/99

v 10.1044 3.64353 -3.69736
vt 2.03559 2.69912
f 266/600/98 307/610/99 306/609/99

v 10.1543 3.52294 -3.72575
vt 2.08554 2.57523
f 266/600/98 308/611/99 307/610/99

vt 0 -0.480493
f 184/612/70 308/611/99 266/600/98

v 10.2338 3.41939 -3.75014
vt 2.165 2.46885
f 308/611/99 184/612/70 309/613/99

v 10.3373 3.33993 -3.76885
vt 2.26855 2.38721
f 309/613/99 184/612/70 310/614/99

v 10.4579 3.28998 -3.78061
vt 2.38914 2.3359
f 310/614/99 184/612/70 311/615/99

v 10.5873 3.27294 -3.78462
vt 2.51855 2.3184
f 311/615/99 184/612/70 312/616/99

v 10.7167 3.28998 -3.78061
vt 2.64796 2.3359
f 184/612/70 313/617/99 312/616/99

v 10.8373 3.33993 -3.76885
vt 2.76855 2.38721
f 184/612/70 314/618/99 313/617/99

v 10.9409 3.41939 -3.75014
vt 2.8721 2.46885
f 184/612/70 315/619/99 314/618/99

vt 5 -0.480493
f 183/620/70 315/619/99 184/612/70

v 11.0204 3.52294 -3.72575
vt 2.95156 2.57523
f 315/619/99 183/620/70 316/621/99

f 316/621/99 183/620/70 192/602/98

v 11.0703 3.64353 -3.69736
vt 3.00151 2.69912
f 316/621/99 192/602/98 317/622/99

v 11.0873 3.77294 -3.66689
vt 3.01855 2.83207
f 317/622/99 192/602/98 318/623/99

v 11.0873 4.73388 -3.44062
vt 3.01855 3.81929
f 318/623/99 192/602/98 319/624/99

v 11.0703 4.86329 -3.41015
vt 3.00151 3.95224
f 319/624/99 192/602/98 320/625/99

v 11.0204 4.98388 -3.38175
vt 2.95156 4.07613
f 320/625/99 192/602/98 321/626/99

v 10.9409 5.08743 -3.35737
vt 2.8721 4.18251
f 321/626/99 192/602/98 322/627/99

v 10.8373 5.16689 -3.33866
vt 2.76855 4.26414
f 322/627/99 192/602/98 323/628/99

v 10.7167 5.21684 -3.3269
vt 2.64796 4.31546
f 323/628/99 192/602/98 324/629/99

f 324/629/99 192/602/98 299/601/99

vt -3.56126 -1.94437
vn -0.258819 -0.965926 1.69879e-15
vt -3.3269 -1.94437
vt -3.32289 -1.81385
vn 2.67353e-15 -1 1.39212e-15
vt -3.55725 -1.81385
f 245/630/100 324/631/100 299/632/101 244/633/101 

vt -3.57302 -0.580524
vn -0.5 -0.866025 -4.52854e-16
vt -3.33866 -0.580524
vt -3.3269 -0.449998
vt -3.56126 -0.449998
f 246/634/102 323/635/102 324/636/100 245/637/100 

vt -3.59173 0.818439
vn -0.707107 -0.707107 -1.81825e-16
vt -3.35737 0.818439
vt -3.33866 0.948965
vt -3.57302 0.948965
f 247/638/103 322/639/103 323/640/102 246/641/102 

vt -3.61612 2.15718
vn -0.866025 -0.5 1.30074e-15
vt -3.38175 2.15718
vt -3.35737 2.28771
vt -3.59173 2.28771
f 248/642/104 321/643/104 322/644/103 247/645/103 

vt -3.64451 3.34446
vn -0.965926 -0.258819 7.25346e-16
vt -3.41015 3.34446
vt -3.38175 3.47499
vt -3.61612 3.47499
f 249/646/105 320/647/105 321/648/104 248/649/104 

vt -3.67498 4.29938
vn -0.997859 -0.0654031 -3.79791e-15
vt -3.44062 4.29938
vt -3.41015 4.42991
vt -3.64451 4.42991
f 250/650/106 319/651/106 320/652/105 249/653/105 

vt -3.90125 3.77294
vn -0.997859 0.0654031 -7.87491e-15
vt -3.66689 3.77294
vt -3.44062 4.73388
vt -3.67498 4.73388
f 251/654/107 318/655/107 319/656/106 250/657/106 

vt -3.93172 4.00413
vn -0.965926 0.258819 -4.29311e-15
vt -3.69736 4.00413
vt -3.66689 4.13466
vt -3.90125 4.13466
f 252/658/108 317/659/108 318/660/107 251/661/107 

vt -3.96011 4.38429
vn -0.866025 0.5 5.19153e-16
vt -3.72575 4.38429
vt -3.69736 4.51481
vt -3.93172 4.51481
f 253/662/109 316/663/109 317/664/108 252/665/108 

vt -3.9845 4.46121
vn -0.707107 0.707107 2.30159e-18
vt -3.75014 4.46121
vt -3.72575 4.59173
vt -3.96011 4.59173
f 254/666/110 315/667/110 316/668/109 253/669/109 

vt -4.00321 4.22966
vn -0.5 0.866025 -7.06588e-16
vt -3.76885 4.22966
vt -3.75014 4.36018
vt -3.9845 4.36018
f 255/670/111 314/671/111 315/672/110 254/673/110 

vt -4.01497 3.70542
vn -0.258819 0.965926 2.76259e-18
vt -3.78061 3.70542
vt -3.76885 3.83594
vt -4.00321 3.83594
f 256/674/112 313/675/112 314/676/111 255/677/111 

vt -4.01898 2.92421
vn -1.1618e-15 1 -4.45238e-16
vt -3.78462 2.92421
vt -3.78061 3.05474
vt -4.01497 3.05474
f 257/678/113 312/679/113 313/680/112 256/681/112 

vt 4.01497 -1.93927
vn 0.258819 0.965926 -1.63286e-15
vt 3.78061 -1.93927
vt 3.78462 -2.0698
vt 4.01898 -2.0698
f 258/682/114 311/683/114 312/684/113 257/685/113 

vt 4.00321 -0.817734
vn 0.5 0.866025 -2.70621e-15
vt 3.76885 -0.817734
vt 3.78061 -0.94826
vt 4.01497 -0.94826
f 259/686/115 310/687/115 311/688/114 258/689/114 

vt 3.9845 0.363981
vn 0.707107 0.707107 -1.80445e-15
vt 3.75014 0.363981
vt 3.76885 0.233455
vt 4.00321 0.233455
f 260/690/116 309/691/116 310/692/115 259/693/115 

vt 3.96011 1.52534
vn 0.866025 0.5 -2.83095e-16
vt 3.72575 1.52534
vt 3.75014 1.39481
vt 3.9845 1.39481
f 262/694/117 308/695/117 309/696/116 260/697/116 

v 10.1044 3.64353 -3.93172
vt 3.93172 2.5872
vn 0.965926 0.258819 6.16979e-17
vt 3.69736 2.5872
vt 3.72575 2.45667
vt 3.96011 2.45667
f 325/698/118 307/699/118 308/700/117 262/701/117 

v 10.0873 3.77294 -3.90125
vt 3.90125 3.47719
vn 0.997859 0.0654031 6.13013e-17
vt 3.66689 3.47719
vt 3.69736 3.34666
vt 3.93172 3.34666
f 326/702/119 306/703/119 307/704/118 325/705/118 

v 10.0873 4.73388 -3.67498
vt 3.67498 4.73388
vn 0.997859 -0.0654031 3.765e-15
vt 3.44062 4.73388
vt 3.66689 3.77294
vt 3.90125 3.77294
f 327/706/120 305/707/120 306/708/119 326/709/119 

v 10.1044 4.86329 -3.64451
vt 3.64451 5.08738
vn 0.965926 -0.258819 6.9536e-15
vt 3.41015 5.08738
vt 3.44062 4.95685
vt 3.67498 4.95685
f 328/710/121 304/711/121 305/712/120 327/713/120 

v 10.1543 4.98388 -3.61612
vt 3.61612 5.40261
vn 0.866025 -0.5 3.15964e-15
vt 3.38175 5.40261
vt 3.41015 5.27208
vt 3.64451 5.27208
f 329/714/122 303/715/122 304/716/121 328/717/121 

v 10.2338 5.08743 -3.59173
vt 3.59173 5.3541
vn 0.707107 -0.707107 -1.56278e-15
vt 3.35737 5.3541
vt 3.38175 5.22357
vt 3.61612 5.22357
f 330/718/123 302/719/123 303/720/122 329/721/122 

v 10.3373 5.16689 -3.57302
vt 3.57302 4.94517
vn 0.5 -0.866025 -2.14122e-15
vt 3.33866 4.94517
vt 3.35737 4.81464
vt 3.59173 4.81464
f 331/722/124 301/723/124 302/724/123 330/725/123 

v 10.4579 5.21684 -3.56126
vt 3.56126 4.20368
vn 0.258819 -0.965926 -5.85346e-16
vt 3.3269 4.20368
vt 3.33866 4.07315
vt 3.57302 4.07315
f 332/726/125 300/727/125 301/728/124 331/729/124 

vt 3.55725 3.18016
vt 3.32289 3.18016
vt 3.3269 3.04964
vt 3.56126 3.04964
f 244/730/101 299/731/101 300/732/125 332/733/125 

vt -2.38914 4.26175
f 332/734/80 242/474/79 244/473/80

vt -2.26855 4.21043
f 331/735/80 242/474/79 332/734/80

vt -2.165 4.1288
f 330/736/80 242/474/79 331/735/80

vt -2.08554 4.02241
f 329/737/80 242/474/79 330/736/80

vt -2.03559 3.89852
f 328/738/80 242/474/79 329/737/80

vt -2.01855 3.76557
f 327/739/80 242/474/79 328/738/80

vt -2.01855 2.77835
f 326/740/80 242/474/79 327/739/80

vt -2.03559 2.64541
f 325/741/80 242/474/79 326/740/80

f 262/493/80 242/474/79 325/741/80

vt -4.43856 0.487308
f 184/494/22 261/496/22 182/742/22

f 182/742/22 261/496/22 165/287/22

v 8.06879 0.337292 -4.73099
vt -4.73099 0.337292
f 333/743/22 165/287/22 261/496/22

f 164/286/22 165/287/22 333/743/22

v 13.0688 0.337292 -4.73099
vt -5 -3.59177
vn 6.16298e-33 0.801806 -0.597585
vt -5 -3.65427
vn 3.09644e-33 0.856595 -0.51599
vt 4.93082e-32 -3.65427
vt 4.87913e-32 -3.59177
f 334/744/126 135/745/127 164/746/127 333/747/126 

vt 4.73099 0.337292
f 134/237/3 135/238/3 334/748/3

f 134/237/3 334/748/3 185/394/3

vt -5 -1.96973
vt -5 -2.04166
vn 0 0.493557 -0.869714
vt 0 -2.04166
vt 0 -1.96973
f 185/749/81 334/750/128 333/751/128 261/752/81 

vt -5 -4.18906
vt -5 -4.25156
vn -7.75178e-34 0.945252 -0.326342
vt 0 -4.25156
vt 0 -4.18906
f 135/753/127 136/754/129 163/755/129 164/756/127 

vt -5 -4.65999
vt -5 -4.76538
vt -3.4721e-32 -4.76538
vt -3.39984e-32 -4.65999
f 136/757/129 137/758/48 142/759/48 163/760/129 

vt -5.30116 4.44081e-15
vn -0.992877 -1.36912e-19 -0.119145
vt -5.26013 3.55263e-15
vt -5.26013 0.25
vt -5.30116 0.25
f 80/761/130 79/762/49 141/763/49 162/764/130 

vt -5.2583 4.44145e-15
vn -0.96826 -1.19972e-18 -0.249944
vt -5.21727 4.44145e-15
vt -5.21727 0.25
vt -5.2583 0.25
f 81/765/131 80/766/130 162/767/130 161/768/131 

vt -5.12265 5.33211e-15
vn -0.926491 -5.18752e-19 -0.376316
vt -5.08162 4.44393e-15
vt -5.08162 0.25
vt -5.12265 0.25
f 82/769/132 81/770/131 161/771/131 160/772/132 

vt -4.89663 5.32724e-15
vn -0.86831 1.75185e-18 -0.496021
vt -4.85559 5.32724e-15
vt -4.85559 0.25
vt -4.89663 0.25
f 83/773/133 82/774/132 160/775/132 159/776/133 

vt -4.58422 5.32103e-15
vn -0.794748 1.35561e-18 -0.60694
vt -4.54319 5.32103e-15
vt -4.54319 0.25
vt -4.58422 0.25
f 84/777/134 83/778/133 159/779/133 158/780/134 

vt -4.19097 4.885e-15
vn -0.707107 -5.65491e-36 -0.707107
vt -4.14994 5.32909e-15
vt -4.14994 0.25
vt -4.19097 0.25
f 85/781/135 84/782/134 158/783/134 157/784/135 

vt -3.72385 4.44087e-15
vn -0.60694 -3.23992e-18 -0.794748
vt -3.68282 4.88496e-15
vt -3.68282 0.25
vt -3.72385 0.25
f 86/785/136 85/786/135 157/787/135 156/788/136 

vt -3.19112 3.58203e-15
vn -0.496021 -3.88111e-18 -0.86831
vt -3.15009 4.47021e-15
vt -3.15009 0.25
vt -3.19112 0.25
f 87/789/137 86/790/136 156/791/136 155/792/137 

vt -2.60223 3.11488e-15
vn -0.376316 -4.46145e-19 -0.926491
vt -2.5612 3.55897e-15
vt -2.5612 0.25
vt -2.60223 0.25
f 88/793/138 87/794/137 155/795/137 154/796/138 

vt -1.9676 2.21845e-15
vn -0.249944 5.85575e-19 -0.96826
vt -1.92657 3.10663e-15
vt -1.92657 0.25
vt -1.9676 0.25
f 89/797/139 88/798/138 154/799/138 153/800/139 

vt -1.29848 8.83911e-16
vn -0.119145 4.9501e-19 -0.992877
vt -1.25745 2.21618e-15
vt -1.25745 0.25
vt -1.29848 0.25
f 90/801/140 89/802/139 153/803/139 152/804/140 

vt -0.606728 -1.12301e-18
vn -0.0264129 1.01103e-19 -0.999651
vt -0.565697 8.87055e-16
vt -0.565697 0.25
vt -0.606728 0.25
f 91/805/141 90/806/140 152/807/140 151/808/141 

vt -4.6875 1.06581e-14
vn 0.0327191 -9.02038e-32 -0.999465
vt -0.3125 1.00613e-30
vt -4.6875 0.25
f 92/809/142 91/810/141 151/293/141 150/811/142 

vt -4.35339 1.06581e-14
vn 0.130526 -9.26699e-19 -0.991445
vt -4.31252 1.06581e-14
vt -4.31252 0.25
vt -4.35339 0.25
f 93/812/143 92/813/142 150/814/142 149/815/143 

vt -3.59024 1.02259e-14
vn 0.258819 -6.69333e-19 -0.965926
vt -3.54936 1.067e-14
vt -3.54936 0.25
vt -3.59024 0.25
f 94/816/144 93/817/143 149/818/143 148/819/144 

vt -2.766 9.76647e-15
vn 0.382683 -1.48756e-19 -0.92388
vt -2.72512 1.02106e-14
vt -2.72512 0.25
vt -2.766 0.25
f 95/820/145 94/821/144 148/822/144 147/823/145 

vt -1.89478 9.77572e-15
vn 0.5 3.02992e-19 -0.866025
vt -1.85391 9.77572e-15
vt -1.85391 0.25
vt -1.89478 0.25
f 96/824/146 95/825/145 147/826/145 146/827/146 

vt -0.991497 8.87146e-15
vn 0.608761 2.22281e-18 -0.793353
vt -0.95062 9.75964e-15
vt -0.95062 0.25
vt -0.991497 0.25
f 97/828/147 96/829/146 146/830/146 145/831/147 

vt -0.0715967 8.41545e-15
vn 0.707107 1.30703e-18 -0.707107
vt -0.0307197 8.85954e-15
vt -0.0307197 0.25
vt -0.0715967 0.25
f 98/832/148 97/833/147 145/834/147 144/835/148 

vt 0.849179 7.99662e-15
vn 0.793353 -2.40058e-18 -0.608761
vt 0.890056 8.44071e-15
vt 0.890056 0.25
vt 0.849179 0.25
f 99/836/149 98/837/148 144/838/148 143/839/149 

vt 1.75508 7.13667e-15
vt 1.79595 8.02485e-15
vt 1.79595 0.25
vt 1.75508 0.25
f 62/840/28 99/841/149 143/842/149 63/843/28 

g Mesh4 Group5 Group1 Model

usemtl bezel
v 3.55271e-15 5.39062 -2.14403
v 0.46875 5.85937 -2.14403
vt -0.46875 0.46875
v 21.1747 5.39062 -2.14403
vt -21.1747 0
f 335/99/16 336/844/16 337/845/16

v 3.55271e-15 17.4283 -2.14403
vt 0 12.0376
f 336/844/16 335/99/16 338/846/16

v 3.55271e-15 5.39062 -2.11278
vt 0.03125 0
v 3.55271e-15 17.4283 -2.11278
vt 0.03125 12.0376
f 338/846/22 335/99/22 339/847/22 340/848/22 

v 21.1747 5.39062 -2.11278
vt -21.1747 -0.03125
vt 0 -0.03125
f 335/99/1 337/845/1 341/849/1 339/850/1 

v 21.1747 17.4283 -2.14403
v 21.1747 17.4283 -2.11278
vt -0.03125 12.0376
vt -0.03125 0
f 337/99/3 342/846/3 343/851/3 341/852/3 

v 20.7059 5.85937 -2.14403
vt -20.7059 0.46875
vt -21.1747 12.0376
f 337/845/16 344/853/16 342/854/16

f 344/853/16 337/845/16 336/844/16

vt 20.7059 0
vt 0.46875 0
v 0.46875 5.85937 -2.11278
vt 0.46875 -0.03125
v 20.7059 5.85937 -2.11278
vt 20.7059 -0.03125
f 344/855/10 336/856/10 345/857/10 346/858/10 

vt 0 0.46875
v 0.46875 17.3345 -2.14403
vt 0 11.9439
v 0.46875 17.3345 -2.11278
vt -0.03125 11.9439
vt -0.03125 0.46875
f 336/859/3 347/860/3 348/861/3 345/862/3 

vt -0.46875 11.9439
f 336/844/16 338/846/16 347/863/16

v 20.7059 17.3345 -2.14403
vt -20.7059 11.9439
f 347/863/16 338/846/16 349/864/16

f 342/854/16 349/864/16 338/846/16

f 342/854/16 344/853/16 349/864/16

vt 0.03125 0.46875
v 20.7059 17.3345 -2.11278
vt 0.03125 11.9439
f 349/860/22 344/859/22 346/865/22 350/866/22 

vt 20.7059 0.46875
vt 21.1747 12.0376
vt 20.7059 11.9439
f 346/867/4 343/868/4 350/869/4

vt 21.1747 0
f 346/867/4 341/870/4 343/868/4

f 341/870/4 346/867/4 339/99/4

vt 0.46875 0.46875
f 345/871/4 339/99/4 346/867/4

f 339/99/4 345/871/4 340/846/4

vt 0.46875 11.9439
f 340/846/4 345/871/4 348/872/4

f 340/846/4 348/872/4 343/868/4

f 350/869/4 343/868/4 348/872/4

vt -0.46875 0
vt -20.7059 0
vt -20.7059 -0.03125
vt -0.46875 -0.03125
f 347/873/1 349/874/1 350/875/1 348/876/1 

v 21.1715 17.4772 -2.11278
vt 21.1715 12.0866
f 340/846/4 343/868/4 351/877/4

vt 0 10.627
vn 0.997859 0.0654031 -0
v 21.1715 17.4772 -2.14403
vt 0 10.676
vn 0.991445 0.130526 -0
vt -0.03125 10.676
vt -0.03125 10.627
f 342/878/150 352/879/151 351/880/151 343/881/150 

v 0.00320818 17.4772 -2.14403
vt -0.00320818 12.0866
vt -21.1715 12.0866
f 342/854/16 353/882/16 352/883/16

f 342/854/16 338/846/16 353/882/16

vt 0 12.0609
vn -0.991445 0.130526 -0
vt 0 12.0119
vn -0.997859 0.0654031 -0
vt 0.03125 12.0119
v 0.00320818 17.4772 -2.11278
vt 0.03125 12.0609
f 353/884/152 338/885/153 340/886/153 354/887/152 

vt 0.00320818 12.0866
f 340/846/4 351/877/4 354/888/4

v 10.5873 17.4981 -2.11278
vt 10.5873 12.1075
f 354/888/4 351/877/4 355/889/4

v 21.1619 17.5253 -2.11278
vt 21.1619 12.1347
f 355/889/4 351/877/4 356/890/4

vt 0 7.724
v 21.1619 17.5253 -2.14403
vt 0 7.77305
vn 0.965926 0.258819 -0
vt -0.03125 7.77305
vt -0.03125 7.724
f 352/891/151 357/892/154 356/893/154 351/894/151 

v 0.0127778 17.5253 -2.14403
vt -0.0127778 12.1347
vt -21.1619 12.1347
f 352/883/16 358/895/16 357/896/16

f 352/883/16 353/882/16 358/895/16

vt 0 11.904
vn -0.965926 0.258819 -0
vt 0 11.855
vt 0.03125 11.855
v 0.0127778 17.5253 -2.11278
vt 0.03125 11.904
f 358/897/155 353/898/152 354/899/152 359/900/155 

vt 0.0127778 12.1347
f 355/889/4 359/901/4 354/888/4

v 10.5692 17.5005 -2.11278
vt 10.5692 12.1099
f 359/901/4 355/889/4 360/902/4

usemtl webcam
v 10.6481 17.6033 -2.11278
vt 10.6481 12.2127
v 10.637 17.6179 -2.11278
vt 10.637 12.2273
v 10.6224 17.629 -2.11278
vt 10.6224 12.2384
v 10.6055 17.636 -2.11278
vt 10.6055 12.2454
v 10.5873 17.6384 -2.11278
vt 10.5873 12.2478
v 10.5692 17.636 -2.11278
vt 10.5692 12.2454
v 10.5523 17.629 -2.11278
vt 10.5523 12.2384
v 10.5377 17.6179 -2.11278
vt 10.5377 12.2273
v 10.5266 17.6033 -2.11278
vt 10.5266 12.2127
v 10.5196 17.5864 -2.11278
vt 10.5196 12.1958
v 10.5172 17.5683 -2.11278
vt 10.5172 12.1776
v 10.5196 17.5501 -2.11278
vt 10.5196 12.1595
v 10.5266 17.5332 -2.11278
vt 10.5266 12.1426
v 10.5377 17.5187 -2.11278
vt 10.5377 12.128
v 10.5523 17.5075 -2.11278
vt 10.5523 12.1169
v 10.6055 17.5005 -2.11278
vt 10.6055 12.1099
v 10.6224 17.5075 -2.11278
vt 10.6224 12.1169
v 10.637 17.5187 -2.11278
vt 10.637 12.128
v 10.6481 17.5332 -2.11278
vt 10.6481 12.1426
v 10.6551 17.5501 -2.11278
vt 10.6551 12.1595
v 10.6575 17.5683 -2.11278
vt 10.6575 12.1776
v 10.6551 17.5864 -2.11278
vt 10.6551 12.1958
f 361/903/4 362/904/4 363/905/4 364/906/4 365/907/4 366/908/4 367/909/4 368/910/4 369/911/4 370/912/4 371/913/4 372/914/4 373/915/4 374/916/4 375/917/4 360/902/4 355/889/4 376/918/4 377/919/4 378/920/4 379/921/4 380/922/4 381/923/4 382/924/4 

usemtl bezel
v 21.1244 17.6158 -2.11278
vt 21.1244 12.2251
f 361/903/4 383/925/4 362/904/4

f 382/924/4 383/925/4 361/903/4

v 21.1461 17.5718 -2.11278
vt 21.1461 12.1811
f 382/924/4 384/926/4 383/925/4

f 381/923/4 384/926/4 382/924/4

f 380/922/4 384/926/4 381/923/4

f 379/921/4 384/926/4 380/922/4

f 379/921/4 356/890/4 384/926/4

f 378/920/4 356/890/4 379/921/4

f 377/919/4 356/890/4 378/920/4

f 376/918/4 356/890/4 377/919/4

f 355/889/4 356/890/4 376/918/4

vt 0 4.68844
v 21.1461 17.5718 -2.14403
vt 0 4.73749
vn 0.92388 0.382683 -0
vt -0.03125 4.73749
vt -0.03125 4.68844
f 357/927/154 385/928/156 384/929/156 356/930/154 

v 0.0285452 17.5718 -2.14403
vt -0.0285452 12.1811
vt -21.1461 12.1811
f 357/896/16 386/931/16 385/932/16

f 357/896/16 358/895/16 386/931/16

vt 0 11.5439
vn -0.92388 0.382683 -0
vt 0 11.4948
vt 0.03125 11.4948
v 0.0285452 17.5718 -2.11278
vt 0.03125 11.5439
f 386/933/157 358/934/155 359/935/155 387/936/157 

vt 0.0285452 12.1811
f 359/901/4 373/915/4 387/937/4

f 359/901/4 374/916/4 373/915/4

f 359/901/4 375/917/4 374/916/4

f 359/901/4 360/902/4 375/917/4

f 387/937/4 373/915/4 372/914/4

f 387/937/4 372/914/4 371/913/4

f 387/937/4 371/913/4 370/912/4

v 0.0502405 17.6158 -2.11278
vt 0.0502405 12.2251
f 387/937/4 370/912/4 388/938/4

f 388/938/4 370/912/4 369/911/4

f 388/938/4 369/911/4 368/910/4

v 0.0774925 17.6566 -2.11278
vt 0.0774925 12.2659
f 388/938/4 368/910/4 389/939/4

f 389/939/4 368/910/4 367/909/4

f 389/939/4 367/909/4 366/908/4

f 389/939/4 366/908/4 365/907/4

v 21.0972 17.6566 -2.11278
vt 21.0972 12.2659
f 389/939/4 365/907/4 390/940/4

f 364/906/4 390/940/4 365/907/4

f 363/905/4 390/940/4 364/906/4

f 362/904/4 390/940/4 363/905/4

f 362/904/4 383/925/4 390/940/4

v 21.1244 17.6158 -2.14403
vt 0 -1.57128
vn 0.866025 0.5 -0
v 21.0972 17.6566 -2.14403
vt 0 -1.52222
vn 0.793353 0.608761 -0
vt -0.03125 -1.52222
vt -0.03125 -1.57128
f 391/941/158 392/942/159 390/943/159 383/944/158 

vt -21.1244 12.2251
v 0.0774925 17.6566 -2.14403
vt -0.0774925 12.2659
vt -21.0972 12.2659
f 391/945/16 393/946/16 392/947/16

v 0.0502405 17.6158 -2.14403
vt -0.0502405 12.2251
f 391/945/16 394/948/16 393/946/16

f 385/932/16 394/948/16 391/945/16

f 385/932/16 386/931/16 394/948/16

vt 0 10.9866
vn -0.866025 0.5 -0
vt 0 10.9376
vt 0.03125 10.9376
vt 0.03125 10.9866
f 394/949/160 386/950/157 387/951/157 388/952/160 

vt 0 10.2418
vn -0.793353 0.608761 -0
vt 0 10.1927
vt 0.03125 10.1927
vt 0.03125 10.2418
f 393/953/161 394/954/160 388/955/160 389/956/161 

v 0.109835 17.6934 -2.14403
vt 0 9.32216
vn -0.707107 0.707107 -0
vt 0 9.27311
vt 0.03125 9.27311
v 0.109835 17.6934 -2.11278
vt 0.03125 9.32216
f 395/957/162 393/958/161 389/959/161 396/960/162 

vt -0.109835 12.3028
f 392/947/16 393/946/16 395/961/16

v 21.0648 17.6934 -2.14403
vt -21.0648 12.3028
f 392/947/16 395/961/16 397/962/16

v 0.146714 17.7258 -2.14403
vt -0.146714 12.3351
f 397/962/16 395/961/16 398/963/16

vt 0 8.24343
vn -0.608761 0.793353 -0
vt 0 8.19438
vt 0.03125 8.19438
v 0.146714 17.7258 -2.11278
vt 0.03125 8.24343
f 398/964/163 395/965/162 396/966/162 399/967/163 

vt 0.109835 12.3028
v 21.028 17.7258 -2.11278
vt 21.028 12.3351
vt 0.146714 12.3351
f 396/968/4 400/969/4 399/970/4

v 21.0648 17.6934 -2.11278
vt 21.0648 12.3028
f 396/968/4 401/971/4 400/969/4

f 389/939/4 401/971/4 396/968/4

f 389/939/4 390/940/4 401/971/4

vt 0 -4.68833
vt 0 -4.63928
vn 0.707107 0.707107 -0
vt -0.03125 -4.63928
vt -0.03125 -4.68833
f 392/972/159 397/973/164 401/974/164 390/975/159 

vt 0 -7.72558
v 21.028 17.7258 -2.14403
vt 0 -7.67653
vn 0.608761 0.793353 -0
vt -0.03125 -7.67653
vt -0.03125 -7.72558
f 397/976/164 402/977/165 400/978/165 401/979/164 

vt -21.028 12.3351
f 397/962/16 398/963/16 402/980/16

v 0.1875 17.753 -2.14403
vt -0.1875 12.3624
f 402/980/16 398/963/16 403/981/16

vt 0 7.02408
vn -0.5 0.866025 -0
vt 0 6.97503
vt 0.03125 6.97503
v 0.1875 17.753 -2.11278
vt 0.03125 7.02408
f 403/982/166 398/983/163 399/984/163 404/985/166 

v 20.9872 17.753 -2.11278
vt 20.9872 12.3624
vt 0.1875 12.3624
f 399/970/4 405/986/4 404/987/4

f 399/970/4 400/969/4 405/986/4

vt 0 -10.6311
v 20.9872 17.753 -2.14403
vt 0 -10.582
vn 0.5 0.866025 -0
vt -0.03125 -10.582
vt -0.03125 -10.6311
f 402/988/165 406/989/167 405/990/167 400/991/165 

vt -20.9872 12.3624
f 402/980/16 403/981/16 406/992/16

v 0.231494 17.7747 -2.14403
vt -0.231494 12.3841
f 406/992/16 403/981/16 407/993/16

vt 0 5.68497
vn -0.382683 0.92388 -0
vt 0 5.63591
vt 0.03125 5.63591
v 0.231494 17.7747 -2.11278
vt 0.03125 5.68497
f 407/994/168 403/995/166 404/996/166 408/997/168 

v 20.9432 17.7747 -2.11278
vt 20.9432 12.3841
vt 0.231494 12.3841
f 404/987/4 409/998/4 408/999/4

f 404/987/4 405/986/4 409/998/4

vt 0 -13.3551
v 20.9432 17.7747 -2.14403
vt 0 -13.306
vn 0.382683 0.92388 -0
vt -0.03125 -13.306
vt -0.03125 -13.3551
f 406/1000/167 410/1001/169 409/1002/169 405/1003/167 

vt -20.9432 12.3841
f 406/992/16 407/993/16 410/1004/16

v 0.277943 17.7905 -2.14403
vt -0.277943 12.3999
f 410/1004/16 407/993/16 411/1005/16

vt 0 4.249
vn -0.258819 0.965926 -0
vt 0 4.19995
vt 0.03125 4.19995
v 0.277943 17.7905 -2.11278
vt 0.03125 4.249
f 411/1006/170 407/1007/168 408/1008/168 412/1009/170 

v 20.8967 17.7905 -2.11278
vt 20.8967 12.3999
vt 0.277943 12.3999
f 408/999/4 413/1010/4 412/1011/4

f 408/999/4 409/998/4 413/1010/4

vt 0 -15.851
v 20.8967 17.7905 -2.14403
vt 0 -15.8019
vn 0.258819 0.965926 -0
vt -0.03125 -15.8019
vt -0.03125 -15.851
f 410/1012/169 414/1013/171 413/1014/171 409/1015/169 

vt -20.8967 12.3999
f 410/1004/16 411/1005/16 414/1016/16

v 0.326053 17.8001 -2.14403
vt -0.326053 12.4094
f 414/1016/16 411/1005/16 415/1017/16

vt 0 2.74075
vn -0.130526 0.991445 -0
vt 0 2.6917
vt 0.03125 2.6917
v 0.326053 17.8001 -2.11278
vt 0.03125 2.74075
f 415/1018/172 411/1019/170 412/1020/170 416/1021/172 

v 20.8486 17.8001 -2.11278
vt 20.8486 12.4094
vt 0.326053 12.4094
f 412/1011/4 417/1022/4 416/1023/4

f 412/1011/4 413/1010/4 417/1022/4

vt 0 -18.0761
v 20.8486 17.8001 -2.14403
vt 0 -18.0271
vn 0.130526 0.991445 -0
vt -0.03125 -18.0271
vt -0.03125 -18.0761
f 414/1024/171 418/1025/173 417/1026/173 413/1027/171 

vt -20.8486 12.4094
f 414/1016/16 415/1017/16 418/1028/16

v 0.375 17.8033 -2.14403
vt -0.375 12.4126
f 418/1028/16 415/1017/16 419/1029/16

vt 0 1.18602
vn -0.0654031 0.997859 -0
vt 0 1.13697
vt 0.03125 1.13697
v 0.375 17.8033 -2.11278
vt 0.03125 1.18602
f 419/1030/174 415/1031/172 416/1032/172 420/1033/174 

v 20.7997 17.8033 -2.11278
vt 20.7997 12.4126
vt 0.375 12.4126
f 416/1023/4 421/1034/4 420/1035/4

f 416/1023/4 417/1022/4 421/1034/4

vt 0 -19.9924
v 20.7997 17.8033 -2.14403
vt 0 -19.9433
vn 0.0654031 0.997859 -0
vt -0.03125 -19.9433
vt -0.03125 -19.9924
f 418/1036/173 422/1037/175 421/1038/175 417/1039/173 

vt -20.7997 12.4126
f 418/1028/16 419/1029/16 422/1040/16

vt 20.7997 0
vt 0.375 0
vt 0.375 -0.03125
vt 20.7997 -0.03125
f 422/1041/10 419/1042/10 420/1043/10 421/1044/10 

vt 0 1.57224
vt 0 1.6213
vt -0.03125 1.6213
vt -0.03125 1.57224
f 385/1045/156 391/1046/158 383/1047/158 384/1048/156 

g Mesh5 Group6 Group1 Model

usemtl IMAC_FRONT
v 0.5 5.89062 -2.11278
vt 0.030703 0.339049
vn 0 1.48035e-16 1
v 20.6747 5.89062 -2.11278
vt 0.972825 0.339049
v 20.6747 17.3033 -2.11278
vt 0.972825 0.968097
v 0.5 17.3033 -2.11278
vt 0.030703 0.968097
f 423/1049/176 424/1050/176 425/1051/176 426/1052/176 

g Mesh6 Group7 Group1 Model

usemtl display_frame
v 0.46875 5.85937 -2.14403
v 0.5 5.89062 -2.14403
vt -0.03125 0.03125
v 20.7059 5.85937 -2.14403
vt -20.2372 0
f 427/99/16 428/1053/16 429/1054/16

v 0.46875 17.3345 -2.14403
vt 0 11.4751
f 428/1053/16 427/99/16 430/1055/16

v 0.46875 5.85937 -2.11278
v 0.46875 17.3345 -2.11278
vt 0.03125 11.4751
f 430/1055/22 427/99/22 431/847/22 432/1056/22 

v 20.7059 5.85937 -2.11278
vt -20.2372 -0.03125
f 427/99/1 429/1054/1 433/1057/1 431/850/1 

v 20.7059 17.3345 -2.14403
v 20.7059 17.3345 -2.11278
vt -0.03125 11.4751
f 429/99/3 434/1055/3 435/1058/3 433/852/3 

v 20.6747 5.89062 -2.14403
vt -20.2059 0.03125
vt -20.2372 11.4751
f 429/1054/16 436/1059/16 434/1060/16

f 436/1059/16 429/1054/16 428/1053/16

vt 20.2059 0
v 0.5 5.89062 -2.11278
vt 0.03125 -0.03125
v 20.6747 5.89062 -2.11278
vt 20.2059 -0.03125
f 436/1061/10 428/847/10 437/1062/10 438/1063/10 

vt 0 0.03125
v 0.5 17.3033 -2.14403
vt 0 11.4439
v 0.5 17.3033 -2.11278
vt -0.03125 11.4439
f 428/1064/3 439/1065/3 440/1066/3 437/1053/3 

f 428/1053/16 430/1055/16 439/1066/16

v 20.6747 17.3033 -2.14403
vt -20.2059 11.4439
f 439/1066/16 430/1055/16 441/1067/16

f 434/1060/16 441/1067/16 430/1055/16

f 434/1060/16 436/1059/16 441/1067/16

vt 0.03125 0.03125
v 20.6747 17.3033 -2.11278
vt 0.03125 11.4439
f 441/1065/22 436/1064/22 438/1068/22 442/1069/22 

vt 20.2059 0.03125
vt 20.2372 11.4751
vt 20.2059 11.4439
f 438/1070/4 435/1071/4 442/1072/4

vt 20.2372 0
f 438/1070/4 433/1073/4 435/1071/4

f 433/1073/4 438/1070/4 431/99/4

f 437/1068/4 431/99/4 438/1070/4

f 431/99/4 437/1068/4 432/1055/4

f 432/1055/4 437/1068/4 440/1069/4

f 432/1055/4 440/1069/4 435/1071/4

f 442/1072/4 435/1071/4 440/1069/4

vt -20.2059 0
vt -20.2059 -0.03125
vt -0.03125 -0.03125
f 439/852/1 441/1074/1 442/1075/1 440/1076/1 

vt 20.2372 -0.03125
f 434/1073/10 430/99/10 432/850/10 435/1077/10 

g Mesh7 Group8 Group1 Model

usemtl glass_front
v 21.1747 3.64062 -2.11278
vt 21.1747 0.375
vn -2.77556e-17 0 1
v 21.1747 5.39062 -2.11278
vt 21.1747 2.125
v 1.06581e-14 5.39062 -2.11278
vt 0 2.125
v 1.06581e-14 3.64062 -2.11278
vt 0 0.375
v 0.00320818 3.59168 -2.11278
vt 0.00320818 0.326053
v 0.0127778 3.54357 -2.11278
vt 0.0127778 0.277943
v 0.0285452 3.49712 -2.11278
vt 0.0285452 0.231494
v 0.0502405 3.45312 -2.11278
vt 0.0502405 0.1875
v 0.0774925 3.41234 -2.11278
vt 0.0774925 0.146714
v 0.109835 3.37546 -2.11278
vt 0.109835 0.109835
v 0.146714 3.34312 -2.11278
vt 0.146714 0.0774925
v 0.1875 3.31587 -2.11278
vt 0.1875 0.0502405
v 0.231494 3.29417 -2.11278
vt 0.231494 0.0285452
v 0.277943 3.2784 -2.11278
vt 0.277943 0.0127778
v 0.326053 3.26883 -2.11278
vt 0.326053 0.00320818
v 0.375 3.26562 -2.11278
vt 0.375 4.44089e-16
v 20.7997 3.26562 -2.11278
v 20.8486 3.26883 -2.11278
vt 20.8486 0.00320818
v 20.8967 3.2784 -2.11278
vt 20.8967 0.0127778
v 20.9432 3.29417 -2.11278
vt 20.9432 0.0285452
v 20.9872 3.31587 -2.11278
vt 20.9872 0.0502405
v 21.028 3.34312 -2.11278
vt 21.028 0.0774925
v 21.0648 3.37546 -2.11278
vt 21.0648 0.109835
v 21.0972 3.41234 -2.11278
vt 21.0972 0.146714
v 21.1244 3.45312 -2.11278
vt 21.1244 0.1875
v 21.1461 3.49712 -2.11278
vt 21.1461 0.231494
v 21.1619 3.54357 -2.11278
vt 21.1619 0.277943
v 21.1715 3.59168 -2.11278
vt 21.1715 0.326053
f 443/1078/177 444/1079/177 445/1080/177 446/1081/177 447/1082/177 448/1083/177 449/1084/177 450/1085/177 451/1086/177 452/1087/177 453/1088/177 454/1089/177 455/1090/177 456/1091/177 457/1092/177 458/1093/177 459/1041/177 460/1094/177 461/1095/177 462/1096/177 463/1097/177 464/1098/177 465/1099/177 466/1100/177 467/1101/177 468/1102/177 469/1103/177 470/1104/177 

v 21.1747 3.64062 -2.14403
vt 0.03125 0.375
v 21.1747 5.39062 -2.14403
vt 0.03125 2.125
vt -8.88178e-16 2.125
vt -8.88178e-16 0.375
f 471/1105/3 472/1106/3 444/1107/3 443/1108/3 

vt -21.1747 2.125
vn 2.77556e-17 0 -1
vt -21.1747 0.375
v 21.1715 3.59168 -2.14403
vt -21.1715 0.326053
v 21.1619 3.54357 -2.14403
vt -21.1619 0.277943
v 21.1461 3.49712 -2.14403
vt -21.1461 0.231494
v 21.1244 3.45312 -2.14403
vt -21.1244 0.1875
v 21.0972 3.41234 -2.14403
vt -21.0972 0.146714
v 21.0648 3.37546 -2.14403
vt -21.0648 0.109835
v 21.028 3.34312 -2.14403
vt -21.028 0.0774925
v 20.9872 3.31587 -2.14403
vt -20.9872 0.0502405
v 20.9432 3.29417 -2.14403
vt -20.9432 0.0285452
v 20.8967 3.2784 -2.14403
vt -20.8967 0.0127778
v 20.8486 3.26883 -2.14403
vt -20.8486 0.00320818
v 20.7997 3.26562 -2.14403
vt -20.7997 0
v 0.375 3.26562 -2.14403
vt -0.375 4.44089e-16
v 0.326053 3.26883 -2.14403
vt -0.326053 0.00320818
v 0.277943 3.2784 -2.14403
vt -0.277943 0.0127778
v 0.231494 3.29417 -2.14403
vt -0.231494 0.0285452
v 0.1875 3.31587 -2.14403
vt -0.1875 0.0502405
v 0.146714 3.34312 -2.14403
vt -0.146714 0.0774925
v 0.109835 3.37546 -2.14403
vt -0.109835 0.109835
v 0.0774925 3.41234 -2.14403
vt -0.0774925 0.146714
v 0.0502405 3.45312 -2.14403
vt -0.0502405 0.1875
v 0.0285452 3.49712 -2.14403
vt -0.0285452 0.231494
v 0.0127778 3.54357 -2.14403
vt -0.0127778 0.277943
v 0.00320818 3.59168 -2.14403
vt -0.00320818 0.326053
v 1.77636e-14 3.64062 -2.14403
vt -7.10456e-15 0.375
v 1.77636e-14 5.39062 -2.14403
vt -7.10456e-15 2.125
f 472/1109/178 471/1110/178 473/1111/178 474/1112/178 475/1113/178 476/1114/178 477/1115/178 478/1116/178 479/1117/178 480/1118/178 481/1119/178 482/1120/178 483/1121/178 484/1122/178 485/1123/178 486/1124/178 487/1125/178 488/1126/178 489/1127/178 490/1128/178 491/1129/178 492/1130/178 493/1131/178 494/1132/178 495/1133/178 496/1134/178 497/1135/178 498/1136/178 

vt 0.03125 1.71004
vn 0.991445 -0.130526 -6.1762e-33
vt 0.03125 1.75909
vn 0.997859 -0.0654031 2.77556e-17
vt -2.99202e-16 1.75909
vt 1.44798e-16 1.71004
f 473/1137/179 471/1138/180 443/1139/180 470/1140/179 

vt 0.03125 4.40108
vn 0.965926 -0.258819 -1.39076e-17
vt 0.03125 4.45014
vt -1.04323e-15 4.45014
vt -1.04296e-15 4.40108
f 474/1141/181 473/1142/179 470/1143/179 469/1144/181 

vt 0.03125 7.01641
vn 0.92388 -0.382683 -3.0881e-33
vt 0.03125 7.06546
vt -4.44089e-16 7.06546
vt -8.88178e-16 7.01641
f 475/1145/182 474/1146/181 469/1147/181 468/1148/182 

vt 0.03125 9.51126
vn 0.866025 -0.5 1.39076e-17
vt 0.03125 9.56032
vt -8.88178e-16 9.56032
vt -8.88178e-16 9.51126
f 476/1149/183 475/1150/182 468/1151/182 467/1152/183 

vt 0.03125 11.843
vn 0.793353 -0.608761 1.39076e-17
vt 0.03125 11.892
vt -1.83016e-16 11.892
vt 1.59243e-15 11.843
f 477/1153/184 476/1154/183 467/1155/183 466/1156/184 

vt 0.03125 13.9716
vn 0.707107 -0.707107 6.95378e-18
vt 0.03125 14.0206
vt 8.88178e-16 14.0206
vt -4.44089e-16 13.9716
f 478/1157/185 477/1158/184 466/1159/184 465/1160/185 

vt 0.03125 15.8608
vn 0.608761 -0.793353 3.0881e-33
vt 0.03125 15.9098
vt -7.20304e-19 15.9098
vt 4.42593e-16 15.8608
f 479/1161/186 478/1162/185 465/1163/185 464/1164/186 

vt 0.03125 17.4781
vn 0.5 -0.866025 -6.95378e-18
vt 0.03125 17.5272
vt -5.25265e-16 17.5272
vt -9.68335e-16 17.4781
f 480/1165/187 479/1166/186 464/1167/186 463/1168/187 

vt 0.03125 18.796
vn 0.382683 -0.92388 -1.54405e-33
vt 0.03125 18.845
vt -4.44089e-16 18.845
vt 0 18.796
f 481/1169/188 480/1170/187 463/1171/187 462/1172/188 

vt 0.03125 19.7919
vn 0.258819 -0.965926 -1.54405e-33
vt 0.03125 19.8409
vt -2.00772e-31 19.8409
vt -8.88178e-16 19.7919
f 482/1173/189 481/1174/188 462/1175/188 461/1176/189 

vt 0.03125 20.4487
vn 0.130526 -0.991445 -1.73845e-18
vt 0.03125 20.4977
vt -8.88178e-16 20.4977
vt -8.88178e-16 20.4487
f 483/1177/190 482/1178/189 461/1179/189 460/1180/190 

vt 0.03125 20.7551
vn 0.0654031 -0.997859 -3.46945e-18
vt 0.03125 20.8042
vt -1.99414e-15 20.8042
vt -1.99154e-15 20.7551
f 484/1181/191 483/1182/190 460/1183/190 459/1184/191 

vt -0.375 0.03125
vn -2.17428e-17 -1 -7.70372e-34
vt -20.7997 0.03125
vt -20.7997 -8.88178e-16
vt -0.375 -1.77636e-15
f 485/1185/192 484/1186/192 459/1187/192 458/1188/192 

vt -0.03125 -0.325145
vn -0.130526 -0.991445 -3.47689e-18
vt -0.03125 -0.374197
vn -0.0654031 -0.997859 -0
vt 1.77636e-15 -0.374197
vt -8.88178e-16 -0.325145
f 486/1189/193 485/1190/194 458/1191/194 457/1192/193 

vt -0.03125 -0.270109
vn -0.258819 -0.965926 -3.47689e-18
vt -0.03125 -0.319162
vt -8.99775e-16 -0.319162
vt -1.78624e-15 -0.270109
f 487/1193/195 486/1194/193 457/1195/193 456/1196/195 

vt -0.03125 -0.210033
vn -0.382683 -0.92388 6.95378e-18
vt -0.03125 -0.259085
vt -1.77636e-15 -0.259085
vt 2.21922e-33 -0.210033
f 488/1197/196 487/1198/195 456/1199/195 455/1200/196 

vt -0.03125 -0.145943
vn -0.5 -0.866025 6.95378e-18
vt -0.03125 -0.194995
vt 7.26363e-18 -0.194995
vt 5.88323e-18 -0.145943
f 489/1201/197 488/1202/196 455/1203/196 454/1204/197 

vt -0.03125 -0.0789361
vn -0.608761 -0.793353 6.95378e-18
vt -0.03125 -0.127988
vt -2.07995e-33 -0.127988
vt -1.62751e-33 -0.0789361
f 490/1205/198 489/1206/197 454/1207/197 453/1208/198 

vt -0.03125 -0.0101591
vn -0.707107 -0.707107 6.95378e-18
vt -0.03125 -0.0592114
vt 3.08802e-18 -0.0592114
vt -8.85867e-16 -0.0101591
f 491/1209/199 490/1210/198 453/1211/198 452/1212/199 

vt -0.03125 0.0592114
vn -0.793353 -0.608761 -2.78151e-17
vt -0.03125 0.0101591
vt -8.88178e-16 0.0101591
vt 0 0.0592114
f 492/1213/200 491/1214/199 452/1215/199 451/1216/200 

vt -0.03125 0.127988
vn -0.866025 -0.5 -2.78151e-17
vt -0.03125 0.0789361
vt -5.17361e-18 0.0789361
vt -3.35419e-18 0.127988
f 493/1217/201 492/1218/200 451/1219/200 450/1220/201 

vt -0.03125 0.194995
vn -0.92388 -0.382683 3.0881e-33
vt -0.03125 0.145943
vt 0 0.145943
vt 1.77636e-15 0.194995
f 494/1221/202 493/1222/201 450/1223/201 449/1224/202 

vt -0.03125 0.259085
vn -0.965926 -0.258819 -4.17227e-17
vt -0.03125 0.210033
vt 1.77636e-15 0.210033
vt -8.88178e-16 0.259085
f 495/1225/203 494/1226/202 449/1227/202 448/1228/203 

vt -0.03125 0.319162
vn -0.991445 -0.130526 -5.56303e-17
vt -0.03125 0.270109
vt -8.89263e-16 0.270109
vt 2.66426e-15 0.319162
f 496/1229/204 495/1230/203 448/1231/203 447/1232/204 

vt -0.03125 0.374197
vn -0.997859 -0.0654031 -2.77556e-17
vt -0.03125 0.325145
vt 2.66445e-15 0.325145
vt 9.62965e-35 0.374197
f 497/1233/205 496/1234/204 447/1235/204 446/1236/205 

vt -0.03125 2.125
vt -0.03125 0.375
f 498/1237/22 497/1238/22 446/1081/22 445/1080/22 

vt 21.1747 0.03125
vt 7.10543e-15 0.03125
vt 21.1747 -8.88178e-16
f 472/1239/10 498/1240/10 445/99/10 444/1241/10 

g Mesh8 Group10 Group9 Group1 Model

usemtl metal_ring
v 10.8288 4.48608 -2.55028
vt -0.00851854 0.314705
v 10.8288 4.35667 -2.55028
vt -0.00851854 0.185295
v 10.8373 4.42138 -2.55028
vt 0 0.25
f 499/1242/4 500/1243/4 501/1244/4

v 10.8038 4.54638 -2.55028
vt -0.0334936 0.375
f 500/1243/4 499/1242/4 502/1245/4

vt -0.359272 1.3987e-33
vn 0.866025 0.5 2.76053e-48
vt -0.294009 1.3987e-33
vn 0.965926 0.258819 -2.0704e-48
v 10.8288 4.48608 -2.56028
vt -0.294009 0.01
v 10.8038 4.54638 -2.56028
vt -0.359272 0.01
f 502/1246/206 499/1247/207 503/1248/207 504/1249/206 

vt -0.313124 -2.73346e-35
vt -0.247861 -2.73346e-35
vn 1 -3.79687e-64 1.38026e-48
v 10.8373 4.42138 -2.56028
vt -0.247861 0.01
vt -0.313124 0.01
f 499/1250/207 501/1251/208 505/1252/208 503/1253/207 

vt -0.247861 4.58287e-34
vt -0.182598 4.58287e-34
vn 0.965926 -0.258819 2.76053e-48
v 10.8288 4.35667 -2.56028
vt -0.182598 0.01
f 501/1254/208 500/1255/209 506/1256/209 505/1252/208 

vt -0.167931 2.07142e-33
v 10.8038 4.29638 -2.55028
vt -0.102667 2.07142e-33
vn 0.866025 -0.5 -0
v 10.8038 4.29638 -2.56028
vt -0.102667 0.01
vt -0.167931 0.01
f 500/1257/209 507/1258/210 508/1259/210 506/1260/209 

vt -0.0334936 0.125
f 500/1243/4 502/1245/4 507/1261/4

v 10.7924 4.42138 -2.55028
vt -0.0449109 0.25
f 507/1261/4 502/1245/4 509/1262/4

v 10.7854 4.47446 -2.55028
vt -0.0518992 0.303081
f 509/1262/4 502/1245/4 510/1263/4

v 10.7641 4.59816 -2.55028
vt -0.0732233 0.426777
f 510/1263/4 502/1245/4 511/1264/4

vt -0.38316 5.01115e-33
vn 0.707107 0.707107 5.52106e-48
vt -0.317897 5.01115e-33
vt -0.317897 0.01
v 10.7641 4.59816 -2.56028
vt -0.38316 0.01
f 511/1265/211 502/1266/206 504/1267/206 512/1268/211 

vt 0.0334936 0.375
v 10.7854 4.47446 -2.56028
vt 0.0518992 0.303081
vt 0.0732233 0.426777
f 504/1269/16 513/1270/16 512/1271/16

v 10.7924 4.42138 -2.56028
vt 0.0449109 0.25
f 513/1270/16 504/1269/16 514/1272/16

vt 0.0334936 0.125
f 504/1269/16 508/1273/16 514/1272/16

vt 0.00851854 0.314705
f 503/1274/16 508/1273/16 504/1269/16

vt 0.00851854 0.185295
f 503/1274/16 506/1275/16 508/1273/16

vt -7.50519e-35 0.25
f 506/1275/16 503/1274/16 505/1276/16

v 10.7854 4.3683 -2.56028
vt 0.0518992 0.196919
f 514/1272/16 508/1273/16 515/1277/16

v 10.7641 4.2446 -2.56028
vt 0.0732233 0.0732233
f 515/1277/16 508/1273/16 516/1278/16

vt -0.0787795 3.77318e-33
v 10.7641 4.2446 -2.55028
vt -0.0135164 3.77318e-33
vn 0.707107 -0.707107 -0
vt -0.0135164 0.01
vt -0.0787795 0.01
f 507/1279/210 517/1280/212 516/1281/212 508/1282/210 

v 10.7854 4.3683 -2.55028
vt -0.0518992 0.196919
vt -0.0732233 0.0732233
f 507/1261/4 518/1283/4 517/1284/4

f 518/1283/4 507/1261/4 509/1262/4

usemtl _auto_5
f 518/1277/16 510/1270/16 509/1272/16

v 10.765 4.31884 -2.55028
vt 0.0723877 0.147455
f 510/1270/16 518/1277/16 519/1285/16

usemtl metal_ring
vt -0.0723877 0.147455
f 517/1284/4 518/1283/4 519/1286/4

vt 0.10853 3.24219e-33
vn -0.866025 0.5 -5.52106e-48
vt 0.162069 3.24219e-33
vn -0.965926 0.258819 -2.76053e-48
vt 0.162069 0.01
v 10.765 4.31884 -2.56028
vt 0.10853 0.01
f 519/1287/213 518/1288/214 515/1289/214 520/1290/213 

vt 0.18846 1.08363e-33
vt 0.241999 1.08363e-33
vn -1 2.15562e-15 -0
vt 0.241999 0.01
vt 0.18846 0.01
f 518/1291/214 509/1292/215 514/1293/215 515/1294/214 

vt 0.253723 9.96429e-36
vt 0.307262 9.96429e-36
vn -0.965926 -0.258819 6.90132e-49
vt 0.307262 0.01
vt 0.253723 0.01
f 509/1295/215 510/1296/216 513/1297/216 514/1298/215 

vt 0.299871 8.45411e-34
v 10.765 4.52392 -2.55028
vt 0.35341 8.45411e-34
vn -0.866025 -0.5 -0
v 10.765 4.52392 -2.56028
vt 0.35341 0.01
vt 0.299871 0.01
f 510/1299/216 521/1300/217 522/1301/217 513/1302/216 

vt -0.0723877 0.352545
f 510/1263/4 511/1264/4 521/1303/4

v 10.7324 4.5664 -2.55028
vt -0.10498 0.39502
f 521/1303/4 511/1264/4 523/1304/4

v 10.7123 4.63789 -2.55028
vt -0.125 0.466506
f 523/1304/4 511/1264/4 524/1305/4

vt -0.38316 1.0457e-32
vt -0.317897 1.0457e-32
v 10.7123 4.63789 -2.56028
f 524/1306/167 511/1307/211 512/1267/211 525/1268/167 

v 10.7324 4.5664 -2.56028
vt 0.10498 0.39502
vt 0.125 0.466506
f 512/1271/16 526/1308/16 525/1309/16

vt 0.0723877 0.352545
f 512/1271/16 522/1310/16 526/1308/16

f 512/1271/16 513/1270/16 522/1310/16

vt 0.323759 3.90497e-33
vt 0.377298 3.90497e-33
vn -0.707107 -0.707107 -5.52106e-48
vt 0.377298 0.01
vt 0.323759 0.01
f 521/1311/217 523/1312/218 526/1313/218 522/1314/217 

usemtl _auto_5
v 10.7324 4.27636 -2.55028
vt 0.10498 0.10498
f 521/1310/16 527/1315/16 523/1308/16

f 521/1310/16 519/1285/16 527/1315/16

f 510/1270/16 519/1285/16 521/1310/16

usemtl metal_ring
vt -0.10498 0.10498
f 517/1284/4 519/1286/4 527/1316/4

vt 0.0193785 5.4096e-33
vt 0.0729175 5.4096e-33
vt 0.0729175 0.01
v 10.7324 4.27636 -2.56028
vt 0.0193785 0.01
f 527/1317/162 519/1318/213 520/1319/213 528/1320/162 

f 520/1285/16 516/1278/16 528/1315/16

f 515/1277/16 516/1278/16 520/1285/16

v 10.7123 4.20487 -2.56028
vt 0.125 0.0334936
f 528/1315/16 516/1278/16 529/1321/16

vt 0.0135164 4.58971e-33
v 10.7123 4.20487 -2.55028
vt 0.0787795 4.58971e-33
vn 0.5 -0.866025 -0
vt 0.0787795 0.01
vt 0.0135164 0.01
f 517/1322/212 530/1323/219 529/1324/219 516/1325/212 

vt -0.125 0.0334936
f 517/1284/4 527/1316/4 530/1326/4

v 10.6899 4.24377 -2.55028
vt -0.147455 0.0723877
f 530/1326/4 527/1316/4 531/1327/4

usemtl _auto_5
vt 0.147455 0.0723877
v 10.7039 4.42138 -2.55028
vt 0.133463 0.25
f 531/1328/16 532/1329/16 527/1315/16

v 10.6999 4.39122 -2.55028
vt 0.137434 0.219838
f 532/1329/16 531/1328/16 533/1330/16

v 10.6883 4.36311 -2.55028
vt 0.149076 0.191732
f 533/1330/16 531/1328/16 534/1331/16

v 10.6404 4.22328 -2.55028
vt 0.196919 0.0518992
f 534/1331/16 531/1328/16 535/1332/16

usemtl metal_ring
v 10.652 4.1799 -2.55028
vt -0.185295 0.00851854
vt -0.196919 0.0518992
f 536/1333/4 531/1327/4 535/1334/4

f 530/1326/4 531/1327/4 536/1333/4

vt 0.102667 3.90834e-33
vt 0.167931 3.90834e-33
vn 0.258819 -0.965926 -0
v 10.652 4.1799 -2.56028
vt 0.167931 0.01
vt 0.102667 0.01
f 530/1335/219 536/1336/220 537/1337/220 529/1338/219 

vt 0.182598 1.66867e-33
v 10.5873 4.17138 -2.55028
vt 0.247861 1.66867e-33
vn -6.80523e-80 -1 -0
v 10.5873 4.17138 -2.56028
vt 0.247861 0.01
vt 0.182598 0.01
f 536/1339/220 538/1340/221 539/1341/221 537/1342/220 

vt -0.25 -9.49218e-65
f 536/1333/4 535/1334/4 538/1343/4

v 10.5873 4.21629 -2.55028
vt -0.25 0.0449109
f 538/1343/4 535/1334/4 540/1344/4

usemtl _auto_5
v 10.6175 4.30881 -2.55028
vt 0.219838 0.137434
vt 0.25 0.0449109
f 541/1345/16 535/1332/16 540/1346/16

v 10.6456 4.32046 -2.55028
vt 0.191732 0.149076
f 542/1347/16 535/1332/16 541/1345/16

v 10.6697 4.33898 -2.55028
vt 0.167596 0.167596
f 543/1348/16 535/1332/16 542/1347/16

f 534/1331/16 535/1332/16 543/1348/16

usemtl metal_ring
vt -0.0613591 0.206638
vn 0.409638 -0.236505 -0.881057
vt -0.0309369 0.206638
vn 0.334468 -0.334468 -0.881057
v 10.6566 4.35215 -2.56028
vt -0.0333681 0.227639
v 10.6721 4.37242 -2.56028
vt -0.0589278 0.227639
f 534/1349/222 543/1350/223 544/1351/223 545/1352/222 

vt 0.0309369 0.206638
vt 0.0613591 0.206638
vn 0.236505 -0.409638 -0.881057
v 10.6363 4.33659 -2.56028
vt 0.0589278 0.227639
vt 0.0333681 0.227639
f 543/1353/223 542/1354/224 546/1355/224 544/1356/223 

vt 0.120088 0.185632
vt 0.15051 0.185632
vn 0.122424 -0.456892 -0.881057
v 10.6127 4.32681 -2.56028
vt 0.148079 0.206633
vt 0.122519 0.206633
f 542/1357/224 541/1358/225 547/1359/225 546/1360/224 

vt 0.200019 0.145052
v 10.5873 4.30484 -2.55028
vt 0.230441 0.145052
vn -8.48185e-15 -0.473009 -0.881057
v 10.5873 4.32347 -2.56028
vt 0.22801 0.166053
vt 0.20245 0.166053
f 541/1361/225 548/1362/226 549/1363/226 547/1364/225 

usemtl _auto_5
vt 0.25 0.133463
f 541/1345/16 540/1346/16 548/1365/16

v 10.5343 4.22328 -2.55028
vt 0.303081 0.0518992
f 548/1365/16 540/1346/16 550/1366/16

usemtl metal_ring
v 10.5226 4.1799 -2.55028
vt -0.314705 0.00851854
vt -0.303081 0.0518992
f 551/1367/4 540/1344/4 550/1368/4

f 538/1343/4 540/1344/4 551/1367/4

vt 0.247861 -1.60474e-33
vt 0.313124 -1.60474e-33
vn -0.258819 -0.965926 -0
v 10.5226 4.1799 -2.56028
vt 0.313124 0.01
f 538/1369/221 551/1370/227 552/1371/227 539/1341/221 

vt 0.294009 -4.93775e-33
v 10.4623 4.20487 -2.55028
vt 0.359272 -4.93775e-33
vn -0.5 -0.866025 -0
v 10.4623 4.20487 -2.56028
vt 0.359272 0.01
vt 0.294009 0.01
f 551/1372/227 553/1373/228 554/1374/228 552/1375/227 

v 10.4848 4.24377 -2.55028
vt -0.352545 0.0723877
vt -0.375 0.0334936
f 551/1367/4 555/1376/4 553/1377/4

f 551/1367/4 550/1368/4 555/1376/4

usemtl _auto_5
v 10.5291 4.32046 -2.55028
vt 0.308268 0.149076
vt 0.352545 0.0723877
f 556/1378/16 550/1366/16 555/1379/16

v 10.5572 4.30881 -2.55028
vt 0.280162 0.137434
f 557/1380/16 550/1366/16 556/1378/16

f 548/1365/16 550/1366/16 557/1380/16

usemtl metal_ring
vt 0.265282 0.0876627
vt 0.295704 0.0876627
vn -0.122424 -0.456892 -0.881057
v 10.562 4.32681 -2.56028
vt 0.293273 0.108664
vt 0.267713 0.108664
f 548/1381/226 557/1382/229 558/1383/229 549/1384/226 

vt 0.31143 0.0173754
vt 0.341852 0.0173754
vn -0.236505 -0.409638 -0.881057
v 10.5384 4.33659 -2.56028
vt 0.339421 0.0383763
vt 0.313861 0.0383763
f 557/1385/229 556/1386/230 559/1387/230 558/1388/229 

vt 0.335318 -0.06102
v 10.5049 4.33898 -2.55028
vt 0.36574 -0.06102
vn -0.334468 -0.334468 -0.881057
v 10.5181 4.35215 -2.56028
vt 0.363309 -0.040019
vt 0.337749 -0.040019
f 556/1389/230 560/1390/231 561/1391/231 559/1392/230 

usemtl _auto_5
vt 0.332404 0.167596
f 556/1378/16 555/1379/16 560/1393/16

v 10.4864 4.36311 -2.55028
vt 0.350924 0.191732
f 560/1393/16 555/1379/16 562/1394/16

v 10.4748 4.39122 -2.55028
vt 0.362566 0.219838
f 562/1394/16 555/1379/16 563/1395/16

v 10.4423 4.27636 -2.55028
vt 0.39502 0.10498
f 563/1395/16 555/1379/16 564/1396/16

usemtl metal_ring
vt -0.39502 0.10498
f 553/1377/4 555/1376/4 564/1397/4

vt -0.377298 -5.59062e-33
vt -0.323759 -5.59062e-33
v 10.4848 4.24377 -2.56028
vt -0.323759 0.01
v 10.4423 4.27636 -2.56028
vt -0.377298 0.01
f 564/1398/164 555/1399/167 565/1400/167 566/1401/164 

vt -0.35341 -2.9845e-33
vt -0.299871 -2.9845e-33
v 10.5343 4.22328 -2.56028
vt -0.299871 0.01
vt -0.35341 0.01
f 555/1402/167 550/1403/171 567/1404/171 565/1405/167 

vt -0.307262 5.84975e-34
vt -0.253723 5.84975e-34
vn 1.03862e-14 1 -0
v 10.5873 4.21629 -2.56028
vt -0.253723 0.01
vt -0.307262 0.01
f 550/1406/171 540/1407/232 568/1408/232 567/1409/171 

vt -0.241999 3.94562e-33
vt -0.18846 3.94562e-33
v 10.6404 4.22328 -2.56028
vt -0.18846 0.01
vt -0.241999 0.01
f 540/1410/232 535/1411/170 569/1412/170 568/1413/232 

vt -0.162069 6.11736e-33
vt -0.10853 6.11736e-33
v 10.6899 4.24377 -2.56028
vt -0.10853 0.01
vt -0.162069 0.01
f 535/1414/170 531/1415/166 570/1416/166 569/1417/170 

vt -0.0729175 6.58025e-33
vt -0.0193785 6.58025e-33
vt -0.0193785 0.01
vt -0.0729175 0.01
f 531/1418/166 527/1419/162 528/1420/162 570/1421/166 

f 528/1315/16 529/1321/16 570/1328/16

vt 0.185295 0.00851854
f 570/1328/16 529/1321/16 537/1422/16

f 570/1328/16 537/1422/16 569/1332/16

vt 0.25 -5.05899e-34
f 569/1332/16 537/1422/16 539/1423/16

f 569/1332/16 539/1423/16 568/1346/16

vt 0.314705 0.00851854
f 568/1346/16 539/1423/16 552/1424/16

f 568/1346/16 552/1424/16 567/1366/16

f 567/1366/16 552/1424/16 565/1379/16

vt 0.375 0.0334936
f 565/1379/16 552/1424/16 554/1425/16

f 565/1379/16 554/1425/16 566/1396/16

v 10.4106 4.2446 -2.56028
vt 0.426777 0.0732233
f 566/1396/16 554/1425/16 571/1426/16

vt 0.317897 -7.1743e-33
v 10.4106 4.2446 -2.55028
vt 0.38316 -7.1743e-33
vt 0.38316 0.01
vt 0.317897 0.01
f 553/1427/228 572/1428/218 571/1429/218 554/1430/228 

vt -0.426777 0.0732233
f 553/1377/4 564/1397/4 572/1431/4

v 10.4097 4.31884 -2.55028
vt -0.427612 0.147455
f 572/1431/4 564/1397/4 573/1432/4

usemtl _auto_5
v 10.4097 4.52392 -2.55028
vt 0.427612 0.352545
vt 0.427612 0.147455
f 574/1433/16 564/1396/16 573/1434/16

v 10.4423 4.5664 -2.55028
vt 0.39502 0.39502
f 575/1435/16 564/1396/16 574/1433/16

v 10.4708 4.42138 -2.55028
vt 0.366537 0.25
f 576/1436/16 564/1396/16 575/1435/16

f 563/1395/16 564/1396/16 576/1436/16

usemtl metal_ring
vt 0.265282 -0.290863
vn -0.456892 -0.122424 -0.881057
vt 0.295704 -0.290863
vn -0.473009 -6.56996e-16 -0.881057
v 10.4894 4.42138 -2.56028
vt 0.293273 -0.269862
v 10.4928 4.39604 -2.56028
vt 0.267713 -0.269862
f 563/1437/233 576/1438/234 577/1439/234 578/1440/233 

vt 0.20245 -0.327252
vt 0.200019 -0.348253
v 10.4748 4.45154 -2.55028
vt 0.230441 -0.348253
vn -0.456892 0.122424 -0.881057
v 10.4928 4.44672 -2.56028
vt 0.22801 -0.327252
f 577/1441/234 576/1442/234 579/1443/235 580/1444/235 

usemtl _auto_5
vt 0.362566 0.280162
f 575/1435/16 579/1445/16 576/1436/16

v 10.4848 4.59899 -2.55028
vt 0.352545 0.427612
f 581/1446/16 579/1445/16 575/1435/16

v 10.4864 4.47965 -2.55028
vt 0.350924 0.308268
f 581/1446/16 582/1447/16 579/1445/16

v 10.5049 4.50378 -2.55028
vt 0.332404 0.332404
f 581/1446/16 583/1448/16 582/1447/16

v 10.5291 4.5223 -2.55028
vt 0.308268 0.350924
f 581/1446/16 584/1449/16 583/1448/16

v 10.5343 4.61948 -2.55028
vt 0.303081 0.448101
f 585/1450/16 584/1449/16 581/1446/16

v 10.5572 4.53395 -2.55028
vt 0.280162 0.362566
f 585/1450/16 586/1451/16 584/1449/16

v 10.5873 4.62647 -2.55028
vt 0.25 0.455089
f 587/1452/16 586/1451/16 585/1450/16

v 10.5873 4.53792 -2.55028
vt 0.25 0.366537
f 587/1452/16 588/1453/16 586/1451/16

v 10.6175 4.53395 -2.55028
vt 0.219838 0.362566
f 587/1452/16 589/1454/16 588/1453/16

v 10.6404 4.61948 -2.55028
vt 0.196919 0.448101
f 590/1455/16 589/1454/16 587/1452/16

v 10.6456 4.5223 -2.55028
vt 0.191732 0.350924
f 590/1455/16 591/1456/16 589/1454/16

v 10.6697 4.50378 -2.55028
vt 0.167596 0.332404
f 590/1455/16 592/1457/16 591/1456/16

v 10.6883 4.47965 -2.55028
vt 0.149076 0.308268
f 590/1455/16 593/1458/16 592/1457/16

v 10.6899 4.59899 -2.55028
vt 0.147455 0.427612
f 594/1459/16 593/1458/16 590/1455/16

v 10.6999 4.45154 -2.55028
vt 0.137434 0.280162
f 594/1459/16 595/1460/16 593/1458/16

f 594/1459/16 532/1329/16 595/1460/16

f 594/1459/16 527/1315/16 532/1329/16

f 523/1308/16 527/1315/16 594/1459/16

usemtl metal_ring
vt -0.147455 0.427612
f 523/1304/4 524/1305/4 594/1461/4

v 10.652 4.66286 -2.55028
vt -0.185295 0.491481
f 594/1461/4 524/1305/4 596/1462/4

vt -0.359272 1.6808e-32
vt -0.294009 1.6808e-32
v 10.652 4.66286 -2.56028
f 596/1463/171 524/1464/167 525/1248/167 597/1249/171 

v 10.6899 4.59899 -2.56028
vt 0.185295 0.491481
f 525/1309/16 598/1459/16 597/1465/16

f 525/1309/16 526/1308/16 598/1459/16

vt 0.323759 8.8733e-33
vt 0.377298 8.8733e-33
f 523/1466/218 594/1467/228 598/1313/228 526/1314/218 

vt 0.299871 1.48548e-32
vt 0.35341 1.48548e-32
vn -0.258819 -0.965926 -1.10421e-47
v 10.6404 4.61948 -2.56028
f 594/1468/228 590/1469/236 599/1301/236 598/1302/228 

vt -0.196919 0.448101
f 594/1461/4 596/1462/4 590/1470/4

v 10.5873 4.67138 -2.55028
vt -0.25 0.5
f 590/1470/4 596/1462/4 600/1471/4

vt -0.313124 2.27737e-32
vn 6.80523e-80 1 -0
vt -0.247861 2.27737e-32
v 10.5873 4.67138 -2.56028
f 600/1472/237 596/1473/171 597/1252/171 601/1253/237 

vt 0.25 0.5
f 597/1465/16 599/1455/16 601/1474/16

f 597/1465/16 598/1459/16 599/1455/16

v 10.5873 4.62647 -2.56028
f 601/1474/16 599/1455/16 602/1452/16

vt 0.253723 2.05839e-32
vt 0.307262 2.05839e-32
vn 2.16962e-15 -1 -0
f 590/1475/236 587/1476/238 602/1297/238 599/1298/236 

vt -0.25 0.455089
f 590/1470/4 600/1471/4 587/1477/4

v 10.5226 4.66286 -2.55028
vt -0.314705 0.491481
f 587/1477/4 600/1471/4 603/1478/4

vt -0.247861 2.70183e-32
vt -0.182598 2.70183e-32
v 10.5226 4.66286 -2.56028
f 603/1479/170 600/1480/237 601/1256/237 604/1252/170 

v 10.5343 4.61948 -2.56028
vt 0.314705 0.491481
f 601/1474/16 605/1450/16 604/1481/16

f 601/1474/16 602/1452/16 605/1450/16

vt 0.18846 2.47414e-32
vt 0.241999 2.47414e-32
f 587/1482/238 585/1483/220 605/1293/220 602/1294/238 

vt -0.303081 0.448101
f 587/1477/4 603/1478/4 585/1484/4

vt -0.352545 0.427612
f 585/1484/4 603/1478/4 581/1485/4

v 10.4623 4.63789 -2.55028
vt -0.375 0.466506
f 581/1485/4 603/1478/4 606/1486/4

vt -0.167931 2.85017e-32
vt -0.102667 2.85017e-32
v 10.4623 4.63789 -2.56028
f 606/1487/166 603/1488/170 604/1259/170 607/1260/166 

v 10.4848 4.59899 -2.56028
vt 0.375 0.466506
f 604/1481/16 608/1446/16 607/1489/16

f 604/1481/16 605/1450/16 608/1446/16

vt 0.10853 2.62927e-32
vt 0.162069 2.62927e-32
vn 0.5 -0.866025 5.52106e-48
f 585/1490/220 581/1491/239 608/1289/239 605/1290/220 

vt 0.0193785 2.47602e-32
vt 0.0729175 2.47602e-32
v 10.4423 4.5664 -2.56028
f 581/1492/239 575/1493/212 609/1319/212 608/1320/239 

vt -0.39502 0.39502
f 581/1485/4 606/1486/4 575/1494/4

v 10.4106 4.59816 -2.55028
vt -0.426777 0.426777
f 575/1494/4 606/1486/4 610/1495/4

vt -0.0787795 2.67508e-32
vt -0.0135164 2.67508e-32
v 10.4106 4.59816 -2.56028
f 610/1496/162 606/1497/166 607/1281/166 611/1282/162 

vt 0.426777 0.426777
f 607/1489/16 609/1435/16 611/1498/16

f 607/1489/16 608/1446/16 609/1435/16

v 10.4097 4.52392 -2.56028
f 611/1498/16 609/1435/16 612/1433/16

vt -0.0729175 2.03553e-32
vt -0.0193785 2.03553e-32
vn 0.866025 -0.5 5.52106e-48
f 575/1499/212 574/1500/240 612/1420/240 609/1421/212 

vt -0.427612 0.352545
f 575/1494/4 610/1495/4 574/1501/4

v 10.3708 4.54638 -2.55028
vt -0.466506 0.375
f 574/1501/4 610/1495/4 613/1502/4

vt 0.0135164 2.19917e-32
vt 0.0787795 2.19917e-32
v 10.3708 4.54638 -2.56028
f 613/1503/160 610/1504/162 611/1324/162 614/1325/160 

vt 0.466506 0.375
f 611/1498/16 612/1433/16 614/1505/16

v 10.3892 4.47446 -2.56028
vt 0.448101 0.303081
f 614/1505/16 612/1433/16 615/1506/16

vt -0.162069 1.39351e-32
v 10.3892 4.47446 -2.55028
vt -0.10853 1.39351e-32
f 574/1507/240 616/1508/209 615/1416/209 612/1417/240 

vt -0.448101 0.303081
f 574/1501/4 613/1502/4 616/1509/4

v 10.3823 4.42138 -2.55028
vt -0.455089 0.25
f 616/1509/4 613/1502/4 617/1510/4

v 10.3708 4.29638 -2.55028
vt -0.466506 0.125
f 618/1511/4 617/1510/4 613/1502/4

v 10.3892 4.3683 -2.55028
vt -0.448101 0.196919
f 618/1511/4 619/1512/4 617/1510/4

f 618/1511/4 573/1432/4 619/1512/4

f 572/1431/4 573/1432/4 618/1511/4

vt 0.317897 -7.30405e-33
vt 0.38316 -7.30405e-33
vn -0.866025 -0.5 -2.76053e-48
v 10.3708 4.29638 -2.56028
f 572/1513/218 618/1514/241 620/1429/241 571/1430/218 

vt 0.294009 -4.76116e-33
v 10.3459 4.35667 -2.55028
vt 0.359272 -4.76116e-33
vn -0.965926 -0.258819 2.0704e-48
v 10.3459 4.35667 -2.56028
f 618/1515/241 621/1516/242 622/1374/242 620/1375/241 

v 10.3459 4.48608 -2.55028
vt -0.491481 0.314705
vt -0.491481 0.185295
f 618/1511/4 623/1517/4 621/1518/4

f 618/1511/4 613/1502/4 623/1517/4

vt 0.102667 1.51059e-32
vt 0.167931 1.51059e-32
v 10.3459 4.48608 -2.56028
f 623/1519/214 613/1520/160 614/1337/160 624/1338/214 

vt 0.491481 0.185295
vt 0.491481 0.314705
f 614/1505/16 622/1521/16 624/1522/16

vt 0.466506 0.125
f 614/1505/16 620/1523/16 622/1521/16

v 10.3823 4.42138 -2.56028
vt 0.455089 0.25
f 614/1505/16 625/1524/16 620/1523/16

f 614/1505/16 615/1506/16 625/1524/16

vt -0.241999 6.79501e-33
vt -0.18846 6.79501e-33
vn 1 -1.09181e-15 -0
f 616/1525/209 617/1526/243 625/1412/243 615/1413/209 

usemtl _auto_5
vt 0.448101 0.196919
f 616/1506/16 619/1527/16 617/1524/16

f 616/1506/16 573/1434/16 619/1527/16

f 574/1433/16 573/1434/16 616/1506/16

usemtl metal_ring
vt -0.35341 -4.20787e-33
vn 0.965926 0.258819 -6.90132e-49
vt -0.299871 -4.20787e-33
v 10.4097 4.31884 -2.56028
v 10.3892 4.3683 -2.56028
f 619/1528/244 573/1529/206 626/1404/206 627/1405/244 

vt -0.377298 -6.19788e-33
vt -0.323759 -6.19788e-33
f 573/1530/206 564/1531/164 566/1400/164 626/1401/206 

f 566/1396/16 571/1426/16 626/1434/16

f 626/1434/16 571/1426/16 620/1523/16

f 626/1434/16 620/1523/16 627/1527/16

f 627/1527/16 620/1523/16 625/1524/16

vt -0.307262 3.50621e-34
vt -0.253723 3.50621e-34
f 617/1532/243 619/1533/244 627/1408/244 625/1409/243 

v 10.3373 4.42138 -2.56028
vt 0.5 0.25
f 624/1522/16 622/1521/16 628/1534/16

vt 0.247861 3.87919e-34
v 10.3373 4.42138 -2.55028
vt 0.313124 3.87919e-34
vn -1 3.79687e-64 -1.38026e-48
f 621/1535/242 629/1536/245 628/1371/245 622/1341/242 

vt -0.5 0.25
f 621/1518/4 623/1517/4 629/1537/4

vt 0.182598 7.42036e-33
vt 0.247861 7.42036e-33
f 629/1538/245 623/1539/214 624/1341/214 628/1342/245 

v 10.6819 4.44672 -2.56028
vt -0.293273 0.108664
vn 0.456892 0.122424 -0.881057
vt -0.295704 0.0876627
vt -0.265282 0.0876627
vn 0.473009 6.709e-16 -0.881057
v 10.6852 4.42138 -2.56028
vt -0.267713 0.108664
f 630/1540/246 595/1541/246 532/1542/247 631/1543/247 

v 10.6721 4.47033 -2.56028
vt -0.339421 0.0383763
vn 0.409638 0.236505 -0.881057
vt -0.341852 0.0173754
vt -0.31143 0.0173754
vt -0.313861 0.0383763
f 632/1544/248 593/1545/248 595/1546/246 630/1547/246 

v 10.6566 4.49061 -2.56028
vt -0.363309 -0.040019
vn 0.334468 0.334468 -0.881057
vt -0.36574 -0.06102
vt -0.335318 -0.06102
vt -0.337749 -0.040019
f 633/1548/249 592/1549/249 593/1550/248 632/1551/248 

v 10.6363 4.50617 -2.56028
vt -0.363309 -0.12118
vn 0.236505 0.409638 -0.881057
vt -0.36574 -0.142181
vt -0.335318 -0.142181
vt -0.337749 -0.12118
f 634/1552/250 591/1553/250 592/1554/249 633/1555/249 

v 10.6127 4.51595 -2.56028
vt -0.339421 -0.199575
vn 0.122424 0.456892 -0.881057
vt -0.341852 -0.220576
vt -0.31143 -0.220576
vt -0.313861 -0.199575
f 635/1556/251 589/1557/251 591/1558/250 634/1559/250 

v 10.5873 4.51929 -2.56028
vt -0.293273 -0.269862
vn 6.66034e-15 0.473009 -0.881057
vt -0.295704 -0.290863
vt -0.265282 -0.290863
vt -0.267713 -0.269862
f 636/1560/252 588/1561/252 589/1562/251 635/1563/251 

v 10.562 4.51595 -2.56028
vt -0.22801 -0.327252
vn -0.122424 0.456892 -0.881057
vt -0.230441 -0.348253
vt -0.200019 -0.348253
vt -0.20245 -0.327252
f 637/1564/253 586/1565/253 588/1566/252 636/1567/252 

v 10.5384 4.50617 -2.56028
vt -0.148079 -0.367832
vn -0.236505 0.409638 -0.881057
vt -0.15051 -0.388833
vt -0.120088 -0.388833
vt -0.122519 -0.367832
f 638/1568/254 584/1569/254 586/1570/253 637/1571/253 

v 10.5181 4.49061 -2.56028
vt -0.0589278 -0.388838
vn -0.334468 0.334468 -0.881057
vt -0.0613591 -0.409839
vt -0.0309369 -0.409839
vt -0.0333681 -0.388838
f 639/1572/255 583/1573/255 584/1574/254 638/1575/254 

v 10.5025 4.47033 -2.56028
vt 0.0333681 -0.388838
vn -0.409638 0.236505 -0.881057
vt 0.0309369 -0.409839
vt 0.0613591 -0.409839
vt 0.0589278 -0.388838
f 640/1576/256 582/1577/256 583/1578/255 639/1579/255 

vt 0.122519 -0.367832
vt 0.120088 -0.388833
vt 0.15051 -0.388833
vt 0.148079 -0.367832
f 580/1580/235 579/1581/235 582/1582/256 640/1583/256 

vt 0.334793 0.298955
v 10.4991 4.44502 -2.56028
vt 0.338244 0.273645
vt 0.344574 0.275341
f 640/1584/16 641/1585/16 580/1586/16

v 10.5082 4.46706 -2.56028
vt 0.329118 0.295679
f 640/1584/16 642/1587/16 641/1585/16

vt 0.319233 0.319233
f 639/1588/16 642/1587/16 640/1584/16

v 10.5227 4.48598 -2.56028
vt 0.314599 0.314599
f 639/1588/16 643/1589/16 642/1587/16

vt 0.298955 0.334793
f 638/1590/16 643/1589/16 639/1588/16

v 10.5417 4.5005 -2.56028
vt 0.295679 0.329118
f 638/1590/16 644/1591/16 643/1589/16

vt 0.275341 0.344574
f 637/1592/16 644/1591/16 638/1590/16

v 10.5637 4.50962 -2.56028
vt 0.273645 0.338244
f 637/1592/16 645/1593/16 644/1591/16

v 10.5873 4.51274 -2.56028
vt 0.25 0.341357
f 637/1592/16 646/1594/16 645/1593/16

vt 0.25 0.34791
f 636/1595/16 646/1594/16 637/1592/16

v 10.611 4.50962 -2.56028
vt 0.226355 0.338244
f 636/1595/16 647/1596/16 646/1594/16

vt 0.224659 0.344574
f 635/1597/16 647/1596/16 636/1595/16

v 10.633 4.5005 -2.56028
vt 0.204321 0.329118
f 635/1597/16 648/1598/16 647/1596/16

vt 0.201045 0.334793
f 634/1599/16 648/1598/16 635/1597/16

v 10.6519 4.48598 -2.56028
vt 0.185401 0.314599
f 634/1599/16 649/1600/16 648/1598/16

vt 0.180767 0.319233
f 633/1601/16 649/1600/16 634/1599/16

v 10.6665 4.46706 -2.56028
vt 0.170882 0.295679
f 633/1601/16 650/1602/16 649/1600/16

vt 0.165207 0.298955
f 632/1603/16 650/1602/16 633/1601/16

v 10.6756 4.44502 -2.56028
vt 0.161756 0.273645
f 632/1603/16 651/1604/16 650/1602/16

vt 0.155426 0.275341
f 630/1605/16 651/1604/16 632/1603/16

v 10.6787 4.42138 -2.56028
vt 0.158643 0.25
f 651/1604/16 630/1605/16 652/1606/16

v 10.6819 4.39604 -2.56028
vt 0.155426 0.224659
f 630/1605/16 653/1607/16 652/1606/16

vt 0.15209 0.25
f 653/1607/16 630/1605/16 631/1608/16

vt -0.230441 0.145052
vt -0.200019 0.145052
vn 0.456892 -0.122424 -0.881057
vt -0.20245 0.166053
vt -0.22801 0.166053
f 532/1609/247 533/1610/257 653/1611/257 631/1612/247 

vt -0.15051 0.185632
vt -0.120088 0.185632
vt -0.122519 0.206633
vt -0.148079 0.206633
f 533/1613/257 534/1614/222 545/1615/222 653/1616/257 

v 10.6756 4.39773 -2.56028
vt 0.161756 0.226355
vt 0.165207 0.201045
f 654/1617/16 653/1607/16 545/1618/16

f 652/1606/16 653/1607/16 654/1617/16

v 10.6756 4.39773 -2.55028
vt 0.203305 2.66726e-33
v 10.6787 4.42138 -2.55028
vt 0.227154 2.66726e-33
vn -1 2.43557e-15 1.38026e-48
vt 0.227154 0.01
vt 0.203305 0.01
f 655/1619/155 656/1620/258 652/1621/258 654/1622/155 

usemtl _auto_5
v 10.6756 4.44502 -2.55028
f 655/1617/16 657/1604/16 656/1606/16

v 10.6665 4.3757 -2.55028
vt 0.170882 0.204321
f 657/1604/16 655/1617/16 658/1623/16

usemtl metal_ring
vt 0.123375 6.20706e-33
vn -0.866025 0.5 5.52106e-48
vt 0.147224 6.20706e-33
vt 0.147224 0.01
v 10.6665 4.3757 -2.56028
vt 0.123375 0.01
f 658/1624/259 655/1625/155 654/1626/155 659/1627/259 

f 654/1617/16 545/1618/16 659/1623/16

vt 0.180767 0.180767
f 659/1623/16 545/1618/16 544/1628/16

v 10.6519 4.35678 -2.56028
vt 0.185401 0.185401
f 659/1623/16 544/1628/16 660/1629/16

vt 0.201045 0.165207
f 660/1629/16 544/1628/16 546/1630/16

v 10.633 4.34226 -2.56028
vt 0.204321 0.170882
f 660/1629/16 546/1630/16 661/1631/16

vt 0.224659 0.155426
f 661/1631/16 546/1630/16 547/1632/16

v 10.611 4.33314 -2.56028
vt 0.226355 0.161756
f 661/1631/16 547/1632/16 662/1633/16

vt 0.25 0.15209
f 662/1633/16 547/1632/16 549/1634/16

v 10.5873 4.33002 -2.56028
vt 0.25 0.158643
f 662/1633/16 549/1634/16 663/1635/16

vt 0.275341 0.155426
f 663/1635/16 549/1634/16 558/1636/16

v 10.5637 4.33314 -2.56028
vt 0.273645 0.161756
f 663/1635/16 558/1636/16 664/1637/16

v 10.5417 4.34226 -2.56028
vt 0.295679 0.170882
f 664/1637/16 558/1636/16 665/1638/16

vt 0.298955 0.165207
f 665/1638/16 558/1636/16 559/1639/16

v 10.5227 4.35678 -2.56028
vt 0.314599 0.185401
f 665/1638/16 559/1639/16 666/1640/16

vt 0.319233 0.180767
f 666/1640/16 559/1639/16 561/1641/16

v 10.5082 4.3757 -2.56028
vt 0.329118 0.204321
f 666/1640/16 561/1641/16 667/1642/16

v 10.5025 4.37242 -2.56028
vt 0.334793 0.201045
f 667/1642/16 561/1641/16 668/1643/16

vt 0.335318 -0.142181
vt 0.36574 -0.142181
vn -0.409638 -0.236505 -0.881057
vt 0.363309 -0.12118
vt 0.337749 -0.12118
f 560/1644/231 562/1645/260 668/1646/260 561/1647/231 

vt 0.31143 -0.220576
vt 0.341852 -0.220576
vt 0.339421 -0.199575
vt 0.313861 -0.199575
f 562/1648/260 563/1649/233 578/1650/233 668/1651/260 

v 10.4991 4.39773 -2.56028
vt 0.338244 0.226355
vt 0.344574 0.224659
f 669/1652/16 668/1643/16 578/1653/16

f 667/1642/16 668/1643/16 669/1652/16

v 10.4991 4.39773 -2.55028
vt -0.338565 -2.80672e-33
v 10.5082 4.3757 -2.55028
vt -0.314716 -2.80672e-33
vt -0.314716 0.01
vt -0.338565 0.01
f 670/1654/207 671/1655/158 667/1656/158 669/1657/207 

usemtl _auto_5
v 10.4991 4.44502 -2.55028
f 672/1585/16 671/1642/16 670/1652/16

v 10.5082 4.46706 -2.55028
f 673/1587/16 671/1642/16 672/1585/16

v 10.5135 4.42138 -2.55028
vt 0.323867 0.25
f 674/1658/16 671/1642/16 673/1587/16

v 10.516 4.40226 -2.55028
vt 0.32135 0.230882
f 675/1659/16 671/1642/16 674/1658/16

v 10.5227 4.35678 -2.55028
f 675/1659/16 676/1640/16 671/1642/16

v 10.5234 4.38445 -2.55028
vt 0.313971 0.213067
f 677/1660/16 676/1640/16 675/1659/16

v 10.5351 4.36915 -2.55028
vt 0.302232 0.197768
f 678/1661/16 676/1640/16 677/1660/16

v 10.5417 4.34226 -2.55028
f 678/1661/16 679/1638/16 676/1640/16

v 10.5504 4.35741 -2.55028
vt 0.286933 0.186029
f 680/1662/16 679/1638/16 678/1661/16

v 10.5637 4.33314 -2.55028
f 680/1662/16 681/1637/16 679/1638/16

v 10.5682 4.35003 -2.55028
vt 0.269118 0.17865
f 682/1663/16 681/1637/16 680/1662/16

v 10.5873 4.33002 -2.55028
f 682/1663/16 683/1635/16 681/1637/16

v 10.5873 4.34751 -2.55028
vt 0.25 0.176133
f 684/1664/16 683/1635/16 682/1663/16

v 10.6065 4.35003 -2.55028
vt 0.230882 0.17865
f 685/1665/16 683/1635/16 684/1664/16

v 10.611 4.33314 -2.55028
f 685/1665/16 686/1633/16 683/1635/16

v 10.6243 4.35741 -2.55028
vt 0.213067 0.186029
f 687/1666/16 686/1633/16 685/1665/16

v 10.633 4.34226 -2.55028
f 687/1666/16 688/1631/16 686/1633/16

v 10.6396 4.36915 -2.55028
vt 0.197768 0.197768
f 689/1667/16 688/1631/16 687/1666/16

v 10.6513 4.38445 -2.55028
vt 0.186029 0.213067
f 690/1668/16 688/1631/16 689/1667/16

v 10.6519 4.35678 -2.55028
f 690/1668/16 691/1629/16 688/1631/16

v 10.6587 4.40226 -2.55028
vt 0.17865 0.230882
f 692/1669/16 691/1629/16 690/1668/16

f 692/1669/16 658/1623/16 691/1629/16

v 10.6612 4.42138 -2.55028
vt 0.176133 0.25
f 693/1670/16 658/1623/16 692/1669/16

v 10.6665 4.46706 -2.55028
f 694/1602/16 658/1623/16 693/1670/16

f 657/1604/16 658/1623/16 694/1602/16

usemtl metal_ring
vt 0.314716 -5.55737e-34
vt 0.338565 -5.55737e-34
vn -0.866025 -0.5 -5.52106e-48
vt 0.338565 0.01
vt 0.314716 0.01
f 657/1671/216 694/1672/261 650/1673/261 651/1674/216 

vt 0.338604 1.10371e-33
v 10.6519 4.48598 -2.55028
vt 0.362453 1.10371e-33
vn -0.707107 -0.707107 5.52106e-48
vt 0.362453 0.01
vt 0.338604 0.01
f 694/1675/261 695/1676/262 649/1677/262 650/1678/261 

usemtl _auto_5
v 10.6587 4.4405 -2.55028
vt 0.17865 0.269118
f 694/1602/16 696/1679/16 695/1600/16

f 696/1679/16 694/1602/16 693/1670/16

vt 0.290134 1.18945e-34
vn -0.965926 -0.258819 -1.38026e-48
vt 0.270851 1.18945e-34
vn -1 4.86834e-14 -0
v 10.6612 4.42138 -2.48778
vt 0.270851 -0.0625
v 10.6587 4.4405 -2.48778
vt 0.290134 -0.0625
f 696/1680/263 693/1681/264 697/1682/264 698/1683/263 

vt 0.224871 2.91079e-33
vt 0.205588 2.91079e-33
v 10.6587 4.40226 -2.48778
vt 0.205588 -0.0625
vt 0.224871 -0.0625
f 693/1684/264 692/1685/155 699/1686/155 697/1687/264 

vt 0.144941 6.66301e-33
vt 0.125657 6.66301e-33
v 10.6513 4.38445 -2.48778
vt 0.125657 -0.0625
vt 0.144941 -0.0625
f 692/1688/155 690/1689/160 700/1690/160 699/1691/155 

vt 0.0557895 1.0191e-32
vt 0.0365064 1.0191e-32
v 10.6396 4.36915 -2.48778
vt 0.0365064 -0.0625
vt 0.0557895 -0.0625
f 690/1692/160 689/1693/162 701/1694/162 700/1695/160 

vt -0.0365064 1.23963e-32
vt -0.0557895 1.23963e-32
v 10.6243 4.35741 -2.48778
vt -0.0557895 -0.0625
vt -0.0365064 -0.0625
f 689/1696/162 687/1697/166 702/1698/166 701/1699/162 

vt -0.125657 1.25717e-32
vt -0.144941 1.25717e-32
vn -0.258819 0.965926 1.10421e-47
v 10.6065 4.35003 -2.48778
vt -0.144941 -0.0625
vt -0.125657 -0.0625
f 687/1700/166 685/1701/265 703/1702/265 702/1703/166 

vt -0.205588 1.05985e-32
vt -0.224871 1.05985e-32
vn -6.01894e-15 1 -0
v 10.5873 4.34751 -2.48778
vt -0.224871 -0.0625
vt -0.205588 -0.0625
f 685/1704/265 684/1705/266 704/1706/266 703/1707/265 

vt -0.270851 6.98295e-33
vt -0.290134 6.98295e-33
vn 0.258819 0.965926 5.52106e-48
v 10.5682 4.35003 -2.48778
vt -0.290134 -0.0625
vt -0.270851 -0.0625
f 684/1708/266 682/1709/267 705/1710/267 704/1711/266 

vt -0.316999 2.72256e-33
vt -0.336282 2.72256e-33
v 10.5504 4.35741 -2.48778
vt -0.336282 -0.0625
vt -0.316999 -0.0625
f 682/1712/267 680/1713/167 706/1714/167 705/1715/267 

vt -0.340887 -9.63395e-34
vt -0.36017 -9.63395e-34
vn 0.707107 0.707107 -5.52106e-48
v 10.5351 4.36915 -2.48778
vt -0.36017 -0.0625
vt -0.340887 -0.0625
f 680/1716/167 678/1717/268 707/1718/268 706/1719/167 

vt -0.340887 -2.96582e-33
vt -0.36017 -2.96582e-33
v 10.5234 4.38445 -2.48778
f 678/1720/268 677/1721/158 708/1718/158 707/1719/268 

vt -0.316999 -2.59125e-33
vt -0.336282 -2.59125e-33
vn 0.965926 0.258819 1.38026e-48
v 10.516 4.40226 -2.48778
f 677/1722/158 675/1723/269 709/1714/269 708/1715/158 

vt -0.270851 2.41639e-34
vt -0.290134 2.41639e-34
vn 1 -4.86834e-14 -0
v 10.5135 4.42138 -2.48778
f 675/1724/269 674/1725/270 710/1710/270 709/1711/269 

vt -0.205588 4.96786e-33
v 10.516 4.4405 -2.55028
vt -0.224871 4.96786e-33
vn 0.965926 -0.258819 -0
v 10.516 4.4405 -2.48778
f 674/1726/270 711/1727/271 712/1706/271 710/1707/270 

vt 0.32135 0.269118
f 673/1587/16 711/1728/16 674/1658/16

v 10.5227 4.48598 -2.55028
f 713/1589/16 711/1728/16 673/1587/16

v 10.5234 4.45831 -2.55028
vt 0.313971 0.286933
f 713/1589/16 714/1729/16 711/1728/16

v 10.5351 4.47361 -2.55028
vt 0.302232 0.302232
f 713/1589/16 715/1730/16 714/1729/16

v 10.5417 4.5005 -2.55028
f 716/1591/16 715/1730/16 713/1589/16

v 10.5504 4.48535 -2.55028
vt 0.286933 0.313971
f 716/1591/16 717/1731/16 715/1730/16

v 10.5637 4.50962 -2.55028
f 718/1593/16 717/1731/16 716/1591/16

v 10.5682 4.49273 -2.55028
vt 0.269118 0.32135
f 718/1593/16 719/1732/16 717/1731/16

v 10.5873 4.51274 -2.55028
f 720/1594/16 719/1732/16 718/1593/16

v 10.5873 4.49525 -2.55028
vt 0.25 0.323867
f 720/1594/16 721/1733/16 719/1732/16

v 10.6065 4.49273 -2.55028
vt 0.230882 0.32135
f 720/1594/16 722/1734/16 721/1733/16

v 10.611 4.50962 -2.55028
f 723/1596/16 722/1734/16 720/1594/16

v 10.6243 4.48535 -2.55028
vt 0.213067 0.313971
f 723/1596/16 724/1735/16 722/1734/16

v 10.633 4.5005 -2.55028
f 725/1598/16 724/1735/16 723/1596/16

v 10.6396 4.47361 -2.55028
vt 0.197768 0.302232
f 725/1598/16 726/1736/16 724/1735/16

v 10.6513 4.45831 -2.55028
vt 0.186029 0.286933
f 725/1598/16 727/1737/16 726/1736/16

f 695/1600/16 727/1737/16 725/1598/16

f 695/1600/16 696/1679/16 727/1737/16

vt 0.336282 -7.71211e-34
vt 0.316999 -7.71211e-34
vt 0.316999 -0.0625
v 10.6513 4.45831 -2.48778
vt 0.336282 -0.0625
f 727/1738/217 696/1739/263 698/1740/263 728/1741/217 

v 10.5351 4.47361 -2.48778
v 10.5504 4.48535 -2.48778
v 10.5682 4.49273 -2.48778
v 10.5873 4.49525 -2.48778
v 10.6065 4.49273 -2.48778
v 10.6243 4.48535 -2.48778
v 10.6396 4.47361 -2.48778
v 10.5234 4.45831 -2.48778
f 729/1730/16 730/1731/16 731/1732/16 732/1733/16 733/1734/16 734/1735/16 735/1736/16 728/1737/16 698/1679/16 697/1670/16 699/1669/16 700/1668/16 701/1667/16 702/1666/16 703/1665/16 704/1664/16 705/1663/16 706/1662/16 707/1661/16 708/1660/16 709/1659/16 710/1658/16 712/1728/16 736/1729/16 

vt 0.0557895 1.89442e-32
vt 0.0365064 1.89442e-32
vn 0.5 -0.866025 -5.52106e-48
f 715/1742/212 717/1743/272 730/1694/272 729/1695/212 

vt 0.144941 1.98383e-32
vt 0.125657 1.98383e-32
vn 0.258819 -0.965926 -1.10421e-47
f 717/1744/272 719/1745/273 731/1690/273 730/1691/272 

vt 0.224871 1.80885e-32
vt 0.205588 1.80885e-32
vn 6.01894e-15 -1 -0
f 719/1746/273 721/1747/274 732/1686/274 731/1687/273 

vt 0.290134 1.4186e-32
vt 0.270851 1.4186e-32
vn -0.258819 -0.965926 -5.52106e-48
f 721/1748/274 722/1749/275 733/1682/275 732/1683/274 

vt 0.336282 9.14773e-33
vt 0.316999 9.14773e-33
f 722/1750/275 724/1751/228 734/1740/228 733/1741/275 

vt 0.36017 4.24607e-33
vt 0.340887 4.24607e-33
vt 0.340887 -0.0625
vt 0.36017 -0.0625
f 724/1752/228 726/1753/262 735/1754/262 734/1755/228 

vt 0.36017 6.72918e-34
vt 0.340887 6.72918e-34
f 726/1756/262 727/1757/217 728/1754/217 735/1755/262 

vt -0.0365064 1.55739e-32
vt -0.0557895 1.55739e-32
f 714/1758/210 715/1759/212 729/1698/212 736/1699/210 

vt -0.125657 1.05143e-32
vt -0.144941 1.05143e-32
f 711/1760/271 714/1761/210 736/1702/210 712/1703/271 

usemtl metal_ring
vt 0.338604 4.86282e-33
vt 0.362453 4.86282e-33
vn -0.5 -0.866025 -5.52106e-48
f 695/1762/262 725/1763/276 648/1677/276 649/1678/262 

vt 0.314716 9.90841e-33
vt 0.338565 9.90841e-33
f 725/1764/276 723/1765/227 647/1673/227 648/1674/276 

vt 0.268568 1.50387e-32
vt 0.292417 1.50387e-32
vn 4.85715e-15 -1 -0
vt 0.292417 0.01
vt 0.268568 0.01
f 723/1766/227 720/1767/277 646/1768/277 647/1769/227 

vt 0.203305 1.89752e-32
vt 0.227154 1.89752e-32
f 720/1770/277 718/1771/220 645/1621/220 646/1622/277 

vt 0.123375 2.06986e-32
vt 0.147224 2.06986e-32
f 718/1772/220 716/1773/219 644/1626/219 645/1627/220 

vt 0.0342235 1.97194e-32
vt 0.0580725 1.97194e-32
vt 0.0580725 0.01
vt 0.0342235 0.01
f 716/1774/219 713/1775/212 643/1776/212 644/1777/219 

vt -0.0580725 1.62112e-32
vt -0.0342235 1.62112e-32
vn 0.866025 -0.5 -5.52106e-48
vt -0.0342235 0.01
vt -0.0580725 0.01
f 713/1778/212 673/1779/278 642/1780/278 643/1781/212 

vt -0.147224 1.09702e-32
vt -0.123375 1.09702e-32
vt -0.123375 0.01
vt -0.147224 0.01
f 673/1782/278 672/1783/271 641/1784/271 642/1785/278 

vt -0.227154 5.21139e-33
v 10.496 4.42138 -2.55028
vt -0.203305 5.21139e-33
vn 1 -2.43557e-15 -1.38026e-48
v 10.496 4.42138 -2.56028
vt -0.203305 0.01
vt -0.227154 0.01
f 672/1786/271 737/1787/279 738/1788/279 641/1789/271 

usemtl _auto_5
vt 0.341357 0.25
f 672/1585/16 670/1652/16 737/1790/16

usemtl metal_ring
vt -0.292417 2.56165e-34
vt -0.268568 2.56165e-34
vt -0.268568 0.01
vt -0.292417 0.01
f 737/1791/279 670/1792/207 669/1793/207 738/1794/279 

f 669/1652/16 578/1653/16 738/1790/16

f 580/1586/16 738/1790/16 578/1653/16

f 580/1586/16 641/1585/16 738/1790/16

vt 0.34791 0.25
f 580/1586/16 578/1653/16 577/1795/16

vt 0.268568 1.0442e-34
vt 0.292417 1.0442e-34
f 656/1796/258 657/1797/216 651/1768/216 652/1769/258 

vt 0.0342235 9.55366e-33
vt 0.0580725 9.55366e-33
f 691/1798/162 658/1799/259 659/1776/259 660/1777/162 

vt -0.0580725 1.16211e-32
vt -0.0342235 1.16211e-32
f 688/1800/166 691/1801/162 660/1780/162 661/1781/166 

vt -0.147224 1.17115e-32
vt -0.123375 1.17115e-32
f 686/1802/170 688/1803/166 661/1784/166 662/1785/170 

vt -0.227154 9.71175e-33
vt -0.203305 9.71175e-33
f 683/1804/10 686/1805/170 662/1788/170 663/1789/10 

vt -0.292417 6.13018e-33
vt -0.268568 6.13018e-33
f 681/1806/171 683/1807/10 663/1793/10 664/1794/171 

vt -0.338565 1.96188e-33
vt -0.314716 1.96188e-33
f 679/1808/167 681/1809/171 664/1656/171 665/1657/167 

vt -0.362453 -1.58014e-33
vt -0.338604 -1.58014e-33
vt -0.338604 0.01
vt -0.362453 0.01
f 676/1810/164 679/1811/167 665/1812/167 666/1813/164 

vt -0.362453 -3.39661e-33
vt -0.338604 -3.39661e-33
f 671/1814/158 676/1815/164 666/1812/164 667/1813/158 

g Mesh9 skp7914_1 Group9 Group1 Model

usemtl _auto_5
v 16.9001 4.40854 -2.38529
vt -0.00112247 0.045821
vn -1.11022e-16 3.82857e-16 1
v 16.9237 4.40854 -2.38529
vt -0.00112247 0.026979
v 16.9119 4.40995 -2.38529
vt -8.88178e-16 0.0364
f 739/1816/280 740/1817/280 741/1818/280

v 16.889 4.4044 -2.38529
vt -0.00441339 0.0546
f 740/1817/280 739/1816/280 742/1819/280

vt 0.0432995 -0.1313
vn 0.236361 -0.971665 3.9825e-16
vt 0.052675 -0.1313
vn 0.464274 -0.885692 3.90638e-16
v 16.889 4.4044 -2.44828
vt 0.052675 -0.0811726
v 16.9001 4.40854 -2.44828
vt 0.0432995 -0.0811726
f 739/1820/281 742/1821/282 743/1822/282 744/1823/281 

vt 0.0473644 -0.1313
v 16.8796 4.39782 -2.38529
vt 0.0565426 -0.1313
vn 0.672261 -0.740315 3.5807e-16
v 16.8796 4.39782 -2.44828
vt 0.0565426 -0.0811726
vt 0.0473644 -0.0811726
f 742/1824/282 745/1825/283 746/1826/283 743/1827/282 

v 16.9348 4.4044 -2.38529
vt -0.00441339 0.0182
vt -0.00964849 0.0621387
f 747/1828/280 742/1819/280 745/1829/280

f 740/1817/280 742/1819/280 747/1828/280

vt 0.0154928 -0.1313
vn -0.464274 -0.885692 2.87548e-16
vt 0.0248684 -0.1313
vn -0.236361 -0.971665 3.45767e-16
v 16.9237 4.40854 -2.44828
vt 0.0248684 -0.0811726
v 16.9348 4.4044 -2.44828
vt 0.0154928 -0.0811726
f 747/1830/284 740/1831/285 748/1832/285 749/1833/284 

vt 0.0266567 -0.1313
vt 0.0361444 -0.1313
vn 3.40982e-15 -1 3.82857e-16
v 16.9119 4.40995 -2.44828
vt 0.0361444 -0.0811726
vt 0.0266567 -0.0811726
f 740/1834/285 741/1835/286 750/1836/286 748/1837/285 

vt 0.045632 -0.1313
vt 0.045632 -0.0811726
f 741/1835/286 739/1838/281 744/1839/281 750/1836/286 

usemtl _auto_6
v 16.9119 4.40995 -2.55028
vt 0.0361444 6.5308e-22
vn 3.39584e-15 -1 3.82838e-16
vn 0.236361 -0.971665 3.98192e-16
v 16.9001 4.40854 -2.55028
vt 0.045632 6.5308e-22
f 751/1840/287 750/1836/287 744/1839/288 752/1841/288 

v 16.9237 4.40854 -2.55028
vt 0.0266567 4.93725e-22
vn -0.236361 -0.971665 3.45309e-16
vt 0.0361444 4.93725e-22
f 753/1842/289 748/1837/289 750/1836/287 751/1843/287 

v 16.9348 4.4044 -2.55028
vt 0.0154928 -1.07829e-20
vn -0.464274 -0.885692 2.87043e-16
vt 0.0248684 -1.07829e-20
f 754/1844/290 749/1833/290 748/1832/289 753/1845/289 

v 16.9443 4.39782 -2.55028
vt 0.00325355 2.99704e-22
vn -0.67226 -0.740315 2.09291e-16
v 16.9443 4.39782 -2.44828
vt 0.00325355 -0.0811726
vt 0.0124317 -0.0811726
vt 0.0124317 2.99704e-22
f 755/1846/291 756/1847/291 749/1848/290 754/1849/290 

vt -0.000464533 -0.0811726
vt -0.000464533 1.37142e-20
v 16.9515 4.38925 -2.55028
vt -0.00940929 1.37142e-20
vn -0.84392 -0.536468 1.11604e-16
v 16.9515 4.38925 -2.44828
vt -0.00940929 -0.0811726
f 756/1850/291 755/1851/291 757/1852/292 758/1853/292 

vt -0.0129473 -0.0811726
vt -0.0129473 -1.28425e-20
v 16.9561 4.37927 -2.55028
vt -0.0216849 -1.28425e-20
vn -0.959141 -0.282929 1.07879e-18
v 16.9561 4.37927 -2.44828
vt -0.0216849 -0.0811726
f 758/1854/292 757/1855/292 759/1856/293 760/1857/293 

vt -0.0239831 -0.0811726
vt -0.0239831 -1.70819e-21
v 16.9577 4.36855 -2.55028
vt -0.0325989 -1.70819e-21
vn -0.997431 -0.0716348 -8.34508e-17
v 16.9577 4.36855 -2.44828
vt -0.0325989 -0.0811726
f 760/1858/293 759/1859/293 761/1860/294 762/1861/294 

vt -0.032942 -0.0811726
vt -0.032942 -2.87395e-24
v 16.9574 4.13291 -2.55028
vt -0.220458 -2.87395e-24
vn -0.997354 0.0726984 -1.38701e-16
v 16.9574 4.13291 -2.44828
vt -0.220458 -0.0811726
f 762/1862/294 761/1863/294 763/1864/295 764/1865/295 

vt -0.218191 -0.0811726
vt -0.218191 1.13604e-20
v 16.9558 4.12226 -2.55028
vt -0.226759 1.13604e-20
vn -0.959141 0.28293 -2.14415e-16
v 16.9558 4.12226 -2.44828
vt -0.226759 -0.0811726
f 764/1866/295 763/1867/295 765/1868/296 766/1869/296 

vt -0.208766 -0.0811726
vt -0.208766 -1.06906e-19
v 16.9513 4.11233 -2.55028
vt -0.217455 -1.06906e-19
vn -0.84392 0.53647 -2.99328e-16
v 16.9513 4.11233 -2.44828
vt -0.217455 -0.0811726
f 766/1870/296 765/1871/296 767/1872/297 768/1873/297 

vt -0.183911 -0.0811726
vt -0.183911 2.41617e-19
v 16.9441 4.1038 -2.55028
vt -0.192807 2.41617e-19
vn -0.672262 0.740313 -3.58767e-16
v 16.9441 4.1038 -2.44828
vt -0.192807 -0.0811726
f 768/1874/297 767/1875/297 769/1876/298 770/1877/298 

vt -0.147834 -4.56735e-20
v 16.9347 4.09726 -2.55028
vt -0.156962 -4.56735e-20
vn -0.464275 0.885691 -3.91072e-16
v 16.9347 4.09726 -2.44828
vt -0.156962 -0.0811726
vt -0.147834 -0.0811726
f 769/1878/298 771/1879/299 772/1880/299 770/1881/298 

vt -0.104477 2.48747e-19
v 16.9237 4.09315 -2.55028
vt -0.113801 2.48747e-19
vn -0.236359 0.971666 -3.98706e-16
v 16.9237 4.09315 -2.44828
vt -0.113801 -0.0811726
vt -0.104477 -0.0811726
f 771/1882/299 773/1883/300 774/1884/300 772/1885/299 

vt -0.0566668 -4.7522e-20
v 16.9119 4.09174 -2.55028
vt -0.0661023 -4.7522e-20
vn 1.33085e-16 1 -3.82818e-16
v 16.9119 4.09174 -2.44828
vt -0.0661023 -0.0811726
vt -0.0566668 -0.0811726
f 773/1886/300 775/1887/301 776/1888/301 774/1889/300 

vt -0.00618645 2.93209e-20
v 16.9001 4.09315 -2.55028
vt -0.015622 2.93209e-20
vn 0.236359 0.971666 -3.4542e-16
v 16.9001 4.09315 -2.44828
vt -0.015622 -0.0811726
vt -0.00618645 -0.0811726
f 775/1890/301 777/1891/302 778/1892/302 776/1893/301 

vt 0.0456329 -2.02959e-19
v 16.8892 4.09726 -2.55028
vt 0.0363089 -2.02959e-19
vn 0.464275 0.885691 -2.86096e-16
v 16.8892 4.09726 -2.44828
vt 0.0363089 -0.0811726
vt 0.0456329 -0.0811726
f 777/1894/302 779/1895/303 780/1896/303 778/1897/302 

vt 0.0971661 -4.88981e-19
v 16.8797 4.1038 -2.55028
vt 0.0880383 -4.88981e-19
vn 0.672262 0.740313 -2.08713e-16
v 16.8797 4.1038 -2.44828
vt 0.0880383 -0.0811726
vt 0.0971661 -0.0811726
f 779/1898/303 781/1899/304 782/1900/304 780/1901/303 

v 16.8725 4.11233 -2.55028
vt 0.136831 3.90942e-19
vn 0.84392 0.536469 -1.1266e-16
v 16.8725 4.11233 -2.44828
vt 0.136831 -0.0811726
vt 0.145727 -0.0811726
vt 0.145727 3.90942e-19
f 783/1902/305 784/1903/305 782/1904/304 781/1905/304 

v 16.868 4.12226 -2.55028
vt 0.178468 3.66465e-29
vn 0.959141 0.28293 -1.83552e-18
v 16.868 4.12226 -2.44828
vt 0.178468 -0.0811726
vt 0.187158 -0.0811726
vt 0.187158 3.66465e-29
f 785/1906/306 786/1907/306 784/1908/305 783/1909/305 

v 16.8664 4.13291 -2.55028
vt 0.20771 -1.81922e-29
vn 0.997354 0.0726987 8.28758e-17
v 16.8664 4.13291 -2.44828
vt 0.20771 -0.0811726
vt 0.216279 -0.0811726
vt 0.216279 -1.81922e-29
f 787/1910/307 788/1911/307 786/1912/306 785/1913/306 

v 16.8662 4.36855 -2.55028
vt 0.0328643 2.84761e-21
vn 0.997431 -0.0716348 1.38169e-16
v 16.8662 4.36855 -2.44828
vt 0.0328643 -0.0811726
vt 0.22038 -0.0811726
vt 0.22038 2.84761e-21
f 789/1914/308 790/1915/308 788/1916/307 787/1917/307 

v 16.8677 4.37927 -2.55028
vt 0.0344632 -3.41155e-21
vn 0.959141 -0.282929 2.14833e-16
v 16.8677 4.37927 -2.44828
vt 0.0344632 -0.0811726
vt 0.0430789 -0.0811726
vt 0.0430789 -3.41155e-21
f 791/1918/309 792/1919/309 790/1920/308 789/1921/308 

v 16.8723 4.38925 -2.55028
vt 0.0432448 0
vn 0.84392 -0.536468 2.98603e-16
v 16.8723 4.38925 -2.44828
vt 0.0432448 -0.0811726
vt 0.0519824 -0.0811726
vt 0.0519824 0
f 793/1922/310 794/1923/310 792/1924/309 791/1925/309 

v 16.8796 4.39782 -2.55028
vt 0.0475448 3.92733e-20
vn 0.672261 -0.740315 3.57578e-16
vt 0.0475448 -0.0811726
vt 0.0564895 -0.0811726
vt 0.0564895 3.92733e-20
f 795/1926/311 746/1927/311 794/1928/310 793/1929/310 

v 16.889 4.4044 -2.55028
vt 0.0473644 5.88835e-22
vn 0.464274 -0.885692 3.90646e-16
vt 0.0565426 5.88835e-22
f 796/1930/312 743/1827/312 746/1826/311 795/1931/311 

vt 0.0432995 -5.53343e-22
vt 0.052675 -5.53343e-22
f 752/1932/288 744/1823/288 743/1822/312 796/1933/312 

usemtl _auto_5
vt 0.00112247 0.045821
vn 1.11022e-16 -3.82857e-16 -1
vt 0.00441339 0.0182
vt 0.00441339 0.0546
f 744/1934/313 749/1935/313 743/1936/313

vt 0.00112247 0.026979
f 744/1934/313 748/1937/313 749/1935/313

vt 8.88178e-16 0.0364
f 748/1937/313 744/1934/313 750/1938/313

vt 0.00964849 0.0106613
f 743/1936/313 749/1935/313 756/1939/313

v 16.9443 4.39782 -2.38529
vt 0.00325355 -0.1313
vn -0.67226 -0.740315 2.08799e-16
vt 0.0124317 -0.1313
f 797/1940/314 747/1941/284 749/1848/284 756/1847/314 

vt -0.00964849 0.0106613
f 747/1828/280 745/1829/280 797/1942/280

v 16.8723 4.38925 -2.38529
vt -0.016471 0.0679233
f 797/1942/280 745/1829/280 798/1943/280

vt 0.0475448 -0.1313
vt 0.0564895 -0.1313
vn 0.84392 -0.536468 2.99085e-16
f 745/1944/283 798/1945/315 794/1928/315 746/1927/283 

vt 0.0432448 -0.1313
v 16.8677 4.37927 -2.38529
vt 0.0519824 -0.1313
vn 0.959141 -0.282929 2.14807e-16
f 798/1946/315 799/1947/316 792/1924/316 794/1923/315 

v 16.9515 4.38925 -2.38529
vt -0.016471 0.00487667
vt -0.024416 0.0715597
f 800/1948/280 798/1943/280 799/1949/280

f 797/1942/280 798/1943/280 800/1948/280

vt -0.00940929 -0.1313
vn -0.84392 -0.536468 1.11697e-16
vt -0.000464533 -0.1313
f 800/1950/317 797/1951/314 756/1850/314 758/1853/317 

vt 0.00964849 0.0621387
vt 0.016471 0.00487667
f 746/1952/313 756/1939/313 758/1953/313

f 743/1936/313 756/1939/313 746/1952/313

vt 0.016471 0.0679233
f 746/1952/313 758/1953/313 794/1954/313

vt 0.024416 0.0012403
f 794/1954/313 758/1953/313 760/1955/313

v 16.9561 4.37927 -2.38529
vt -0.0216849 -0.1313
vn -0.959141 -0.282929 1.83535e-18
vt -0.0129473 -0.1313
f 801/1956/318 800/1957/317 758/1854/317 760/1857/318 

vt -0.024416 0.0012403
f 800/1948/280 799/1949/280 801/1958/280

v 16.8662 4.36855 -2.38529
vt -0.032942 0.0728
f 801/1958/280 799/1949/280 802/1959/280

vt 0.0344632 -0.1313
vt 0.0430789 -0.1313
vn 0.997431 -0.0716348 1.38163e-16
f 799/1960/316 802/1961/319 790/1920/319 792/1919/316 

vt 0.0328643 -0.1313
v 16.8664 4.13291 -2.38529
vt 0.22038 -0.1313
vn 0.997354 0.0726987 8.28954e-17
f 802/1962/319 803/1963/320 788/1916/320 790/1915/319 

v 16.8969 4.13047 -2.38529
vt -0.2224 0.0483654
vt -0.220458 0.0726
f 804/1964/280 802/1959/280 803/1965/280

v 16.8969 4.37137 -2.38529
vt -0.0307 0.0483654
f 805/1966/280 802/1959/280 804/1964/280

f 801/1958/280 802/1959/280 805/1966/280

v 16.9207 4.37137 -2.38529
vt -0.0307 0.029368
f 806/1967/280 801/1958/280 805/1966/280

v 16.9577 4.36855 -2.38529
vt -0.032942 6.65239e-33
f 801/1958/280 806/1967/280 807/1968/280

v 16.9207 4.13047 -2.38529
vt -0.2224 0.029368
f 807/1968/280 806/1967/280 808/1969/280

vt 0.0307 -0.1313
vn 1 -1.11022e-16 1.11022e-16
vt 0.2224 -0.1313
v 16.9207 4.13047 -2.44828
vt 0.2224 -0.0811726
v 16.9207 4.37137 -2.44828
vt 0.0307 -0.0811726
f 806/1970/321 808/1971/321 809/1972/321 810/1973/321 

vt 0.029368 -0.1313
vn -1.11022e-16 -1 3.82857e-16
vt 0.0483654 -0.1313
v 16.8969 4.13047 -2.44828
vt 0.0483654 -0.0811726
vt 0.029368 -0.0811726
f 808/1974/322 804/1975/322 811/1976/322 809/1977/322 

v 16.868 4.12226 -2.38529
vt -0.228937 0.0713665
f 804/1964/280 812/1978/280 808/1969/280

f 804/1964/280 803/1965/280 812/1978/280

vt 0.20771 -0.1313
vt 0.216279 -0.1313
f 803/1979/320 812/1980/306 786/1912/306 788/1911/320 

vt 0.178468 -0.1313
v 16.8725 4.11233 -2.38529
vt 0.187158 -0.1313
vn 0.84392 0.536469 -1.11697e-16
f 812/1981/306 813/1982/323 784/1908/323 786/1907/306 

v 16.9558 4.12226 -2.38529
vt -0.228937 0.00143348
vt -0.236838 0.0677501
f 814/1983/280 812/1978/280 813/1984/280

f 814/1983/280 808/1969/280 812/1978/280

v 16.9574 4.13291 -2.38529
vt -0.220458 0.0002
f 815/1985/280 808/1969/280 814/1983/280

f 807/1968/280 808/1969/280 815/1985/280

vt -0.220458 -0.1313
vn -0.997354 0.0726984 -1.38562e-16
vt -0.032942 -0.1313
vn -0.997431 -0.0716348 -8.33112e-17
f 815/1986/324 807/1987/325 762/1862/325 764/1865/324 

vt -0.0325989 -0.1313
vt -0.0239831 -0.1313
f 807/1988/325 801/1989/318 760/1858/318 762/1861/325 

vt 0.024416 0.0715597
vt 0.032942 4.11266e-33
f 792/1990/313 760/1955/313 762/1991/313

f 794/1954/313 760/1955/313 792/1990/313

vt 0.0307 0.029368
f 792/1990/313 762/1991/313 810/1992/313

vt 0.2224 0.029368
f 810/1992/313 762/1991/313 809/1993/313

vt 0.220458 0.0002
f 809/1993/313 762/1991/313 764/1994/313

vt 0.228937 0.00143348
f 809/1993/313 764/1994/313 766/1995/313

vt -0.226759 -0.1313
vn -0.959141 0.28293 -2.14808e-16
vt -0.218191 -0.1313
f 814/1996/326 815/1997/324 764/1866/324 766/1869/326 

v 16.9513 4.11233 -2.38529
vt -0.217455 -0.1313
vn -0.84392 0.53647 -2.99085e-16
vt -0.208766 -0.1313
f 816/1998/327 814/1999/326 766/1870/326 768/1873/327 

vt -0.236839 0.00504988
f 814/1983/280 813/1984/280 816/2000/280

v 16.8797 4.1038 -2.38529
vt -0.243623 0.0619973
f 816/2000/280 813/1984/280 817/2001/280

vt 0.136831 -0.1313
vt 0.145727 -0.1313
vn 0.672262 0.740313 -2.08798e-16
f 813/2002/323 817/2003/328 782/1904/328 784/1903/323 

vt 0.0880383 -0.1313
v 16.8892 4.09726 -2.38529
vt 0.0971661 -0.1313
vn 0.464275 0.885691 -2.87548e-16
f 817/2004/328 818/2005/329 780/1901/329 782/1900/328 

v 16.9441 4.1038 -2.38529
vt -0.243623 0.0108027
vt -0.24883 0.0545
f 819/2006/280 817/2001/280 818/2007/280

f 816/2000/280 817/2001/280 819/2006/280

vt -0.192807 -0.1313
vn -0.672262 0.740313 -3.5807e-16
vt -0.183911 -0.1313
f 819/2008/330 816/2009/327 768/1874/327 770/1877/330 

vt 0.243623 0.0619973
vt 0.236839 0.00504988
vt 0.243623 0.0108027
f 782/2010/313 768/2011/313 770/2012/313

vt 0.236838 0.0677501
f 784/2013/313 768/2011/313 782/2010/313

vt 0.228937 0.0713665
f 786/2014/313 768/2011/313 784/2013/313

f 786/2014/313 766/1995/313 768/2011/313

vt 0.2224 0.0483654
f 786/2014/313 811/2015/313 766/1995/313

vt 0.220458 0.0726
f 788/2016/313 811/2015/313 786/2014/313

vt 0.032942 0.0728
f 790/2017/313 811/2015/313 788/2016/313

v 16.8969 4.37137 -2.44828
vt 0.0307 0.0483654
f 790/2017/313 820/2018/313 811/2015/313

f 792/1990/313 820/2018/313 790/2017/313

f 820/2018/313 792/1990/313 810/1992/313

usemtl metal_ring
v 16.9207 4.37137 -2.52226
vt -0.029368 -0.0223
vn 1.11022e-16 1 -3.82857e-16
v 16.8969 4.37137 -2.52226
vt -0.0483654 -0.0223
vt -0.0483654 -0.0811726
vt -0.029368 -0.0811726
f 821/2019/331 822/2020/331 820/2021/331 810/2022/331 

v 16.9207 4.13047 -2.52226
v 16.8969 4.13047 -2.52226
f 821/1992/313 823/1993/313 824/2015/313 822/2018/313 

vt 0.0307 -0.0223
vt 0.2224 -0.0223
f 821/2023/321 810/1973/321 809/1972/321 823/2024/321 

vt 0.029368 -0.0223
vt 0.0483654 -0.0223
f 823/2025/322 809/1977/322 811/1976/322 824/2026/322 

usemtl _auto_5
f 809/1993/313 766/1995/313 811/2015/313

usemtl metal_ring
vt -0.0307 -0.0811726
vn -1 6.01014e-15 -1.11022e-16
vt -0.0307 -0.0223
vt -0.2224 -0.0223
vt -0.2224 -0.0811726
f 820/2027/332 822/2028/332 824/2029/332 811/2030/332 

usemtl _auto_5
vt -0.2224 -0.1313
vt -0.0307 -0.1313
f 804/2031/332 805/2032/332 820/2027/332 811/2030/332 

vt -0.0483654 -0.1313
vt -0.029368 -0.1313
f 805/2033/331 806/2034/331 810/2022/331 820/2021/331 

vt 0.24883 0.0183
f 782/2010/313 770/2012/313 772/2035/313

v 16.9347 4.09726 -2.38529
vt -0.156962 -0.1313
vn -0.464275 0.885691 -3.90638e-16
vt -0.147834 -0.1313
f 825/2036/333 819/2037/330 770/1881/330 772/1880/333 

vt -0.24883 0.0183
f 819/2006/280 818/2007/280 825/2038/280

v 16.9001 4.09315 -2.38529
vt -0.252103 0.0457693
f 825/2038/280 818/2007/280 826/2039/280

vt 0.0363089 -0.1313
vt 0.0456329 -0.1313
vn 0.236359 0.971666 -3.45768e-16
f 818/2040/329 826/2041/334 778/1897/334 780/1896/329 

vt -0.015622 -0.1313
v 16.9119 4.09174 -2.38529
vt -0.00618645 -0.1313
vn 1.54049e-16 1 -3.82857e-16
f 826/2042/334 827/2043/335 776/1893/335 778/1892/334 

v 16.9237 4.09315 -2.38529
vt -0.252103 0.0270307
vt -0.253219 0.0364
f 828/2044/280 826/2039/280 827/2045/280

f 825/2038/280 826/2039/280 828/2044/280

vt -0.113801 -0.1313
vn -0.236359 0.971666 -3.9825e-16
vt -0.104477 -0.1313
f 828/2046/336 825/2047/333 772/1885/333 774/1884/336 

vt 0.24883 0.0545
vt 0.252103 0.0270307
f 780/2048/313 772/2035/313 774/2049/313

f 782/2010/313 772/2035/313 780/2048/313

vt 0.252103 0.0457693
f 780/2048/313 774/2049/313 778/2050/313

vt 0.253219 0.0364
f 778/2050/313 774/2049/313 776/2051/313

vt -0.0661023 -0.1313
vt -0.0566668 -0.1313
f 827/2052/335 828/2053/336 774/1889/336 776/1888/335 

g Mesh10 skp7914_2 Group9 Group1 Model

v 17.845 4.40854 -2.38529
v 17.8686 4.40854 -2.38529
v 17.8568 4.40995 -2.38529
f 829/1816/280 830/1817/280 831/1818/280

v 17.8339 4.4044 -2.38529
f 830/1817/280 829/1816/280 832/1819/280

v 17.8339 4.4044 -2.44828
v 17.845 4.40854 -2.44828
f 829/1820/281 832/1821/282 833/1822/282 834/1823/281 

v 17.8244 4.39782 -2.38529
v 17.8244 4.39782 -2.44828
f 832/1824/282 835/1825/283 836/1826/283 833/1827/282 

v 17.8797 4.4044 -2.38529
f 837/1828/280 832/1819/280 835/1829/280

f 830/1817/280 832/1819/280 837/1828/280

v 17.8686 4.40854 -2.44828
v 17.8797 4.4044 -2.44828
f 837/1830/284 830/1831/285 838/1832/285 839/1833/284 

v 17.8568 4.40995 -2.44828
f 830/1834/285 831/1835/286 840/1836/286 838/1837/285 

f 831/1835/286 829/1838/281 834/1839/281 840/1836/286 

usemtl _auto_6
v 17.8568 4.40995 -2.55028
v 17.845 4.40854 -2.55028
f 841/1840/287 840/1836/287 834/1839/288 842/1841/288 

v 17.8686 4.40854 -2.55028
f 843/1842/289 838/1837/289 840/1836/287 841/1843/287 

v 17.8797 4.4044 -2.55028
f 844/1844/290 839/1833/290 838/1832/289 843/1845/289 

v 17.8891 4.39782 -2.55028
v 17.8891 4.39782 -2.44828
f 845/1846/291 846/1847/291 839/1848/290 844/1849/290 

v 17.8964 4.38925 -2.55028
v 17.8964 4.38925 -2.44828
f 846/1850/291 845/1851/291 847/1852/292 848/1853/292 

v 17.901 4.37927 -2.55028
v 17.901 4.37927 -2.44828
f 848/1854/292 847/1855/292 849/1856/293 850/1857/293 

v 17.9025 4.36855 -2.55028
v 17.9025 4.36855 -2.44828
f 850/1858/293 849/1859/293 851/1860/294 852/1861/294 

v 17.9023 4.13291 -2.55028
v 17.9023 4.13291 -2.44828
f 852/1862/294 851/1863/294 853/1864/295 854/1865/295 

v 17.9007 4.12226 -2.55028
v 17.9007 4.12226 -2.44828
f 854/1866/295 853/1867/295 855/1868/296 856/1869/296 

v 17.8962 4.11233 -2.55028
v 17.8962 4.11233 -2.44828
f 856/1870/296 855/1871/296 857/1872/297 858/1873/297 

v 17.889 4.1038 -2.55028
v 17.889 4.1038 -2.44828
f 858/1874/297 857/1875/297 859/1876/298 860/1877/298 

v 17.8795 4.09726 -2.55028
v 17.8795 4.09726 -2.44828
f 859/1878/298 861/1879/299 862/1880/299 860/1881/298 

v 17.8686 4.09315 -2.55028
v 17.8686 4.09315 -2.44828
f 861/1882/299 863/1883/300 864/1884/300 862/1885/299 

v 17.8568 4.09174 -2.55028
v 17.8568 4.09174 -2.44828
f 863/1886/300 865/1887/301 866/1888/301 864/1889/300 

v 17.845 4.09315 -2.55028
v 17.845 4.09315 -2.44828
f 865/1890/301 867/1891/302 868/1892/302 866/1893/301 

v 17.834 4.09726 -2.55028
v 17.834 4.09726 -2.44828
f 867/1894/302 869/1895/303 870/1896/303 868/1897/302 

v 17.8246 4.1038 -2.55028
v 17.8246 4.1038 -2.44828
f 869/1898/303 871/1899/304 872/1900/304 870/1901/303 

v 17.8174 4.11233 -2.55028
v 17.8174 4.11233 -2.44828
f 873/1902/305 874/1903/305 872/1904/304 871/1905/304 

v 17.8129 4.12226 -2.55028
v 17.8129 4.12226 -2.44828
f 875/1906/306 876/1907/306 874/1908/305 873/1909/305 

v 17.8113 4.13291 -2.55028
v 17.8113 4.13291 -2.44828
f 877/1910/307 878/1911/307 876/1912/306 875/1913/306 

v 17.811 4.36855 -2.55028
v 17.811 4.36855 -2.44828
f 879/1914/308 880/1915/308 878/1916/307 877/1917/307 

v 17.8126 4.37927 -2.55028
v 17.8126 4.37927 -2.44828
f 881/1918/309 882/1919/309 880/1920/308 879/1921/308 

v 17.8172 4.38925 -2.55028
v 17.8172 4.38925 -2.44828
f 883/1922/310 884/1923/310 882/1924/309 881/1925/309 

v 17.8244 4.39782 -2.55028
f 885/1926/311 836/1927/311 884/1928/310 883/1929/310 

v 17.8339 4.4044 -2.55028
f 886/1930/312 833/1827/312 836/1826/311 885/1931/311 

f 842/1932/288 834/1823/288 833/1822/312 886/1933/312 

usemtl _auto_5
f 834/1934/313 839/1935/313 833/1936/313

f 834/1934/313 838/1937/313 839/1935/313

f 838/1937/313 834/1934/313 840/1938/313

f 833/1936/313 839/1935/313 846/1939/313

v 17.8891 4.39782 -2.38529
f 887/1940/314 837/1941/284 839/1848/284 846/1847/314 

f 837/1828/280 835/1829/280 887/1942/280

v 17.8172 4.38925 -2.38529
f 887/1942/280 835/1829/280 888/1943/280

f 835/1944/283 888/1945/315 884/1928/315 836/1927/283 

v 17.8126 4.37927 -2.38529
f 888/1946/315 889/1947/316 882/1924/316 884/1923/315 

v 17.8964 4.38925 -2.38529
f 890/1948/280 888/1943/280 889/1949/280

f 887/1942/280 888/1943/280 890/1948/280

f 890/1950/317 887/1951/314 846/1850/314 848/1853/317 

f 836/1952/313 846/1939/313 848/1953/313

f 833/1936/313 846/1939/313 836/1952/313

f 836/1952/313 848/1953/313 884/1954/313

f 884/1954/313 848/1953/313 850/1955/313

v 17.901 4.37927 -2.38529
f 891/1956/318 890/1957/317 848/1854/317 850/1857/318 

f 890/1948/280 889/1949/280 891/1958/280

v 17.811 4.36855 -2.38529
f 891/1958/280 889/1949/280 892/1959/280

f 889/1960/316 892/1961/319 880/1920/319 882/1919/316 

v 17.8113 4.13291 -2.38529
f 892/1962/319 893/1963/320 878/1916/320 880/1915/319 

v 17.8418 4.13047 -2.38529
f 894/1964/280 892/1959/280 893/1965/280

v 17.8418 4.37137 -2.38529
f 895/1966/280 892/1959/280 894/1964/280

f 891/1958/280 892/1959/280 895/1966/280

v 17.8656 4.37137 -2.38529
f 896/1967/280 891/1958/280 895/1966/280

v 17.9025 4.36855 -2.38529
f 891/1958/280 896/1967/280 897/1968/280

v 17.8656 4.13047 -2.38529
f 897/1968/280 896/1967/280 898/1969/280

v 17.8656 4.13047 -2.44828
v 17.8656 4.37137 -2.44828
f 896/1970/321 898/1971/321 899/1972/321 900/1973/321 

v 17.8418 4.13047 -2.44828
f 898/1974/322 894/1975/322 901/1976/322 899/1977/322 

v 17.8129 4.12226 -2.38529
f 894/1964/280 902/1978/280 898/1969/280

f 894/1964/280 893/1965/280 902/1978/280

f 893/1979/320 902/1980/306 876/1912/306 878/1911/320 

v 17.8174 4.11233 -2.38529
f 902/1981/306 903/1982/323 874/1908/323 876/1907/306 

v 17.9007 4.12226 -2.38529
f 904/1983/280 902/1978/280 903/1984/280

f 904/1983/280 898/1969/280 902/1978/280

v 17.9023 4.13291 -2.38529
f 905/1985/280 898/1969/280 904/1983/280

f 897/1968/280 898/1969/280 905/1985/280

f 905/1986/324 897/1987/325 852/1862/325 854/1865/324 

f 897/1988/325 891/1989/318 850/1858/318 852/1861/325 

f 882/1990/313 850/1955/313 852/1991/313

f 884/1954/313 850/1955/313 882/1990/313

f 882/1990/313 852/1991/313 900/1992/313

f 900/1992/313 852/1991/313 899/1993/313

f 899/1993/313 852/1991/313 854/1994/313

f 899/1993/313 854/1994/313 856/1995/313

f 904/1996/326 905/1997/324 854/1866/324 856/1869/326 

v 17.8962 4.11233 -2.38529
f 906/1998/327 904/1999/326 856/1870/326 858/1873/327 

f 904/1983/280 903/1984/280 906/2000/280

v 17.8246 4.1038 -2.38529
f 906/2000/280 903/1984/280 907/2001/280

f 903/2002/323 907/2003/328 872/1904/328 874/1903/323 

v 17.834 4.09726 -2.38529
f 907/2004/328 908/2005/329 870/1901/329 872/1900/328 

v 17.889 4.1038 -2.38529
f 909/2006/280 907/2001/280 908/2007/280

f 906/2000/280 907/2001/280 909/2006/280

f 909/2008/330 906/2009/327 858/1874/327 860/1877/330 

f 872/2010/313 858/2011/313 860/2012/313

f 874/2013/313 858/2011/313 872/2010/313

f 876/2014/313 858/2011/313 874/2013/313

f 876/2014/313 856/1995/313 858/2011/313

f 876/2014/313 901/2015/313 856/1995/313

f 878/2016/313 901/2015/313 876/2014/313

f 880/2017/313 901/2015/313 878/2016/313

v 17.8418 4.37137 -2.44828
f 880/2017/313 910/2018/313 901/2015/313

f 882/1990/313 910/2018/313 880/2017/313

f 910/2018/313 882/1990/313 900/1992/313

usemtl metal_ring
v 17.8656 4.37137 -2.52226
v 17.8418 4.37137 -2.52226
f 911/2019/331 912/2020/331 910/2021/331 900/2022/331 

v 17.8656 4.13047 -2.52226
v 17.8418 4.13047 -2.52226
f 911/1992/313 913/1993/313 914/2015/313 912/2018/313 

f 911/2023/321 900/1973/321 899/1972/321 913/2024/321 

f 913/2025/322 899/1977/322 901/1976/322 914/2026/322 

usemtl _auto_5
f 899/1993/313 856/1995/313 901/2015/313

usemtl metal_ring
f 910/2027/332 912/2028/332 914/2029/332 901/2030/332 

usemtl _auto_5
f 894/2031/332 895/2032/332 910/2027/332 901/2030/332 

f 895/2033/331 896/2034/331 900/2022/331 910/2021/331 

f 872/2010/313 860/2012/313 862/2035/313

v 17.8795 4.09726 -2.38529
f 915/2036/333 909/2037/330 860/1881/330 862/1880/333 

f 909/2006/280 908/2007/280 915/2038/280

v 17.845 4.09315 -2.38529
f 915/2038/280 908/2007/280 916/2039/280

f 908/2040/329 916/2041/334 868/1897/334 870/1896/329 

v 17.8568 4.09174 -2.38529
f 916/2042/334 917/2043/335 866/1893/335 868/1892/334 

v 17.8686 4.09315 -2.38529
f 918/2044/280 916/2039/280 917/2045/280

f 915/2038/280 916/2039/280 918/2044/280

f 918/2046/336 915/2047/333 862/1885/333 864/1884/336 

f 870/2048/313 862/2035/313 864/2049/313

f 872/2010/313 862/2035/313 870/2048/313

f 870/2048/313 864/2049/313 868/2050/313

f 868/2050/313 864/2049/313 866/2051/313

f 917/2052/335 918/2053/336 864/1889/336 866/1888/335 

g Mesh11 skp7914_3 Group9 Group1 Model

v 16.4276 4.40854 -2.38529
v 16.4513 4.40854 -2.38529
v 16.4395 4.40995 -2.38529
f 919/1816/280 920/1817/280 921/1818/280

v 16.4166 4.4044 -2.38529
f 920/1817/280 919/1816/280 922/1819/280

v 16.4166 4.4044 -2.44828
v 16.4276 4.40854 -2.44828
f 919/1820/281 922/1821/282 923/1822/282 924/1823/281 

v 16.4071 4.39782 -2.38529
v 16.4071 4.39782 -2.44828
f 922/1824/282 925/1825/283 926/1826/283 923/1827/282 

v 16.4623 4.4044 -2.38529
f 927/1828/280 922/1819/280 925/1829/280

f 920/1817/280 922/1819/280 927/1828/280

v 16.4513 4.40854 -2.44828
v 16.4623 4.4044 -2.44828
f 927/1830/284 920/1831/285 928/1832/285 929/1833/284 

v 16.4395 4.40995 -2.44828
f 920/1834/285 921/1835/286 930/1836/286 928/1837/285 

f 921/1835/286 919/1838/281 924/1839/281 930/1836/286 

usemtl _auto_6
v 16.4395 4.40995 -2.55028
v 16.4276 4.40854 -2.55028
f 931/1840/287 930/1836/287 924/1839/288 932/1841/288 

v 16.4513 4.40854 -2.55028
f 933/1842/289 928/1837/289 930/1836/287 931/1843/287 

v 16.4623 4.4044 -2.55028
f 934/1844/290 929/1833/290 928/1832/289 933/1845/289 

v 16.4718 4.39782 -2.55028
v 16.4718 4.39782 -2.44828
f 935/1846/291 936/1847/291 929/1848/290 934/1849/290 

v 16.4791 4.38925 -2.55028
v 16.4791 4.38925 -2.44828
f 936/1850/291 935/1851/291 937/1852/292 938/1853/292 

v 16.4837 4.37927 -2.55028
v 16.4837 4.37927 -2.44828
f 938/1854/292 937/1855/292 939/1856/293 940/1857/293 

v 16.4852 4.36855 -2.55028
v 16.4852 4.36855 -2.44828
f 940/1858/293 939/1859/293 941/1860/294 942/1861/294 

v 16.485 4.13291 -2.55028
v 16.485 4.13291 -2.44828
f 942/1862/294 941/1863/294 943/1864/295 944/1865/295 

v 16.4834 4.12226 -2.55028
v 16.4834 4.12226 -2.44828
f 944/1866/295 943/1867/295 945/1868/296 946/1869/296 

v 16.4789 4.11233 -2.55028
v 16.4789 4.11233 -2.44828
f 946/1870/296 945/1871/296 947/1872/297 948/1873/297 

v 16.4716 4.1038 -2.55028
v 16.4716 4.1038 -2.44828
f 948/1874/297 947/1875/297 949/1876/298 950/1877/298 

v 16.4622 4.09726 -2.55028
v 16.4622 4.09726 -2.44828
f 949/1878/298 951/1879/299 952/1880/299 950/1881/298 

v 16.4512 4.09315 -2.55028
v 16.4512 4.09315 -2.44828
f 951/1882/299 953/1883/300 954/1884/300 952/1885/299 

v 16.4395 4.09174 -2.55028
v 16.4395 4.09174 -2.44828
f 953/1886/300 955/1887/301 956/1888/301 954/1889/300 

v 16.4277 4.09315 -2.55028
v 16.4277 4.09315 -2.44828
f 955/1890/301 957/1891/302 958/1892/302 956/1893/301 

v 16.4167 4.09726 -2.55028
v 16.4167 4.09726 -2.44828
f 957/1894/302 959/1895/303 960/1896/303 958/1897/302 

v 16.4073 4.1038 -2.55028
v 16.4073 4.1038 -2.44828
f 959/1898/303 961/1899/304 962/1900/304 960/1901/303 

v 16.4001 4.11233 -2.55028
v 16.4001 4.11233 -2.44828
f 963/1902/305 964/1903/305 962/1904/304 961/1905/304 

v 16.3955 4.12226 -2.55028
v 16.3955 4.12226 -2.44828
f 965/1906/306 966/1907/306 964/1908/305 963/1909/305 

v 16.394 4.13291 -2.55028
v 16.394 4.13291 -2.44828
f 967/1910/307 968/1911/307 966/1912/306 965/1913/306 

v 16.3937 4.36855 -2.55028
v 16.3937 4.36855 -2.44828
f 969/1914/308 970/1915/308 968/1916/307 967/1917/307 

v 16.3953 4.37927 -2.55028
v 16.3953 4.37927 -2.44828
f 971/1918/309 972/1919/309 970/1920/308 969/1921/308 

v 16.3999 4.38925 -2.55028
v 16.3999 4.38925 -2.44828
f 973/1922/310 974/1923/310 972/1924/309 971/1925/309 

v 16.4071 4.39782 -2.55028
f 975/1926/311 926/1927/311 974/1928/310 973/1929/310 

v 16.4166 4.4044 -2.55028
f 976/1930/312 923/1827/312 926/1826/311 975/1931/311 

f 932/1932/288 924/1823/288 923/1822/312 976/1933/312 

usemtl _auto_5
f 924/1934/313 929/1935/313 923/1936/313

f 924/1934/313 928/1937/313 929/1935/313

f 928/1937/313 924/1934/313 930/1938/313

f 923/1936/313 929/1935/313 936/1939/313

v 16.4718 4.39782 -2.38529
f 977/1940/314 927/1941/284 929/1848/284 936/1847/314 

f 927/1828/280 925/1829/280 977/1942/280

v 16.3999 4.38925 -2.38529
f 977/1942/280 925/1829/280 978/1943/280

f 925/1944/283 978/1945/315 974/1928/315 926/1927/283 

v 16.3953 4.37927 -2.38529
f 978/1946/315 979/1947/316 972/1924/316 974/1923/315 

v 16.4791 4.38925 -2.38529
f 980/1948/280 978/1943/280 979/1949/280

f 977/1942/280 978/1943/280 980/1948/280

f 980/1950/317 977/1951/314 936/1850/314 938/1853/317 

f 926/1952/313 936/1939/313 938/1953/313

f 923/1936/313 936/1939/313 926/1952/313

f 926/1952/313 938/1953/313 974/1954/313

f 974/1954/313 938/1953/313 940/1955/313

v 16.4837 4.37927 -2.38529
f 981/1956/318 980/1957/317 938/1854/317 940/1857/318 

f 980/1948/280 979/1949/280 981/1958/280

v 16.3937 4.36855 -2.38529
f 981/1958/280 979/1949/280 982/1959/280

f 979/1960/316 982/1961/319 970/1920/319 972/1919/316 

v 16.394 4.13291 -2.38529
f 982/1962/319 983/1963/320 968/1916/320 970/1915/319 

v 16.4244 4.13047 -2.38529
f 984/1964/280 982/1959/280 983/1965/280

v 16.4244 4.37137 -2.38529
f 985/1966/280 982/1959/280 984/1964/280

f 981/1958/280 982/1959/280 985/1966/280

v 16.4483 4.37137 -2.38529
f 986/1967/280 981/1958/280 985/1966/280

v 16.4852 4.36855 -2.38529
f 981/1958/280 986/1967/280 987/1968/280

v 16.4483 4.13047 -2.38529
f 987/1968/280 986/1967/280 988/1969/280

v 16.4483 4.13047 -2.44828
v 16.4483 4.37137 -2.44828
f 986/1970/321 988/1971/321 989/1972/321 990/1973/321 

v 16.4244 4.13047 -2.44828
f 988/1974/322 984/1975/322 991/1976/322 989/1977/322 

v 16.3955 4.12226 -2.38529
f 984/1964/280 992/1978/280 988/1969/280

f 984/1964/280 983/1965/280 992/1978/280

f 983/1979/320 992/1980/306 966/1912/306 968/1911/320 

v 16.4001 4.11233 -2.38529
f 992/1981/306 993/1982/323 964/1908/323 966/1907/306 

v 16.4834 4.12226 -2.38529
f 994/1983/280 992/1978/280 993/1984/280

f 994/1983/280 988/1969/280 992/1978/280

v 16.485 4.13291 -2.38529
f 995/1985/280 988/1969/280 994/1983/280

f 987/1968/280 988/1969/280 995/1985/280

f 995/1986/324 987/1987/325 942/1862/325 944/1865/324 

f 987/1988/325 981/1989/318 940/1858/318 942/1861/325 

f 972/1990/313 940/1955/313 942/1991/313

f 974/1954/313 940/1955/313 972/1990/313

f 972/1990/313 942/1991/313 990/1992/313

f 990/1992/313 942/1991/313 989/1993/313

f 989/1993/313 942/1991/313 944/1994/313

f 989/1993/313 944/1994/313 946/1995/313

f 994/1996/326 995/1997/324 944/1866/324 946/1869/326 

v 16.4789 4.11233 -2.38529
f 996/1998/327 994/1999/326 946/1870/326 948/1873/327 

f 994/1983/280 993/1984/280 996/2000/280

v 16.4073 4.1038 -2.38529
f 996/2000/280 993/1984/280 997/2001/280

f 993/2002/323 997/2003/328 962/1904/328 964/1903/323 

v 16.4167 4.09726 -2.38529
f 997/2004/328 998/2005/329 960/1901/329 962/1900/328 

v 16.4716 4.1038 -2.38529
f 999/2006/280 997/2001/280 998/2007/280

f 996/2000/280 997/2001/280 999/2006/280

f 999/2008/330 996/2009/327 948/1874/327 950/1877/330 

f 962/2010/313 948/2011/313 950/2012/313

f 964/2013/313 948/2011/313 962/2010/313

f 966/2014/313 948/2011/313 964/2013/313

f 966/2014/313 946/1995/313 948/2011/313

f 966/2014/313 991/2015/313 946/1995/313

f 968/2016/313 991/2015/313 966/2014/313

f 970/2017/313 991/2015/313 968/2016/313

v 16.4244 4.37137 -2.44828
f 970/2017/313 1000/2018/313 991/2015/313

f 972/1990/313 1000/2018/313 970/2017/313

f 1000/2018/313 972/1990/313 990/1992/313

usemtl metal_ring
v 16.4483 4.37137 -2.52226
v 16.4244 4.37137 -2.52226
f 1001/2019/331 1002/2020/331 1000/2021/331 990/2022/331 

v 16.4483 4.13047 -2.52226
v 16.4244 4.13047 -2.52226
f 1001/1992/313 1003/1993/313 1004/2015/313 1002/2018/313 

f 1001/2023/321 990/1973/321 989/1972/321 1003/2024/321 

f 1003/2025/322 989/1977/322 991/1976/322 1004/2026/322 

usemtl _auto_5
f 989/1993/313 946/1995/313 991/2015/313

usemtl metal_ring
f 1000/2027/332 1002/2028/332 1004/2029/332 991/2030/332 

usemtl _auto_5
f 984/2031/332 985/2032/332 1000/2027/332 991/2030/332 

f 985/2033/331 986/2034/331 990/2022/331 1000/2021/331 

f 962/2010/313 950/2012/313 952/2035/313

v 16.4622 4.09726 -2.38529
f 1005/2036/333 999/2037/330 950/1881/330 952/1880/333 

f 999/2006/280 998/2007/280 1005/2038/280

v 16.4277 4.09315 -2.38529
f 1005/2038/280 998/2007/280 1006/2039/280

f 998/2040/329 1006/2041/334 958/1897/334 960/1896/329 

v 16.4395 4.09174 -2.38529
f 1006/2042/334 1007/2043/335 956/1893/335 958/1892/334 

v 16.4512 4.09315 -2.38529
f 1008/2044/280 1006/2039/280 1007/2045/280

f 1005/2038/280 1006/2039/280 1008/2044/280

f 1008/2046/336 1005/2047/333 952/1885/333 954/1884/336 

f 960/2048/313 952/2035/313 954/2049/313

f 962/2010/313 952/2035/313 960/2048/313

f 960/2048/313 954/2049/313 958/2050/313

f 958/2050/313 954/2049/313 956/2051/313

f 1007/2052/335 1008/2053/336 954/1889/336 956/1888/335 

g Mesh12 skp7914_4 Group9 Group1 Model

v 17.3725 4.40854 -2.38529
v 17.3962 4.40854 -2.38529
v 17.3843 4.40995 -2.38529
f 1009/1816/280 1010/1817/280 1011/1818/280

v 17.3615 4.4044 -2.38529
f 1010/1817/280 1009/1816/280 1012/1819/280

v 17.3615 4.4044 -2.44828
v 17.3725 4.40854 -2.44828
f 1009/1820/281 1012/1821/282 1013/1822/282 1014/1823/281 

v 17.352 4.39782 -2.38529
v 17.352 4.39782 -2.44828
f 1012/1824/282 1015/1825/283 1016/1826/283 1013/1827/282 

v 17.4072 4.4044 -2.38529
f 1017/1828/280 1012/1819/280 1015/1829/280

f 1010/1817/280 1012/1819/280 1017/1828/280

v 17.3962 4.40854 -2.44828
v 17.4072 4.4044 -2.44828
f 1017/1830/284 1010/1831/285 1018/1832/285 1019/1833/284 

v 17.3843 4.40995 -2.44828
f 1010/1834/285 1011/1835/286 1020/1836/286 1018/1837/285 

f 1011/1835/286 1009/1838/281 1014/1839/281 1020/1836/286 

usemtl _auto_6
v 17.3843 4.40995 -2.55028
v 17.3725 4.40854 -2.55028
f 1021/1840/287 1020/1836/287 1014/1839/288 1022/1841/288 

v 17.3962 4.40854 -2.55028
f 1023/1842/289 1018/1837/289 1020/1836/287 1021/1843/287 

v 17.4072 4.4044 -2.55028
f 1024/1844/290 1019/1833/290 1018/1832/289 1023/1845/289 

v 17.4167 4.39782 -2.55028
v 17.4167 4.39782 -2.44828
f 1025/1846/291 1026/1847/291 1019/1848/290 1024/1849/290 

v 17.424 4.38925 -2.55028
v 17.424 4.38925 -2.44828
f 1026/1850/291 1025/1851/291 1027/1852/292 1028/1853/292 

v 17.4285 4.37927 -2.55028
v 17.4285 4.37927 -2.44828
f 1028/1854/292 1027/1855/292 1029/1856/293 1030/1857/293 

v 17.4301 4.36855 -2.55028
v 17.4301 4.36855 -2.44828
f 1030/1858/293 1029/1859/293 1031/1860/294 1032/1861/294 

v 17.4298 4.13291 -2.55028
v 17.4298 4.13291 -2.44828
f 1032/1862/294 1031/1863/294 1033/1864/295 1034/1865/295 

v 17.4283 4.12226 -2.55028
v 17.4283 4.12226 -2.44828
f 1034/1866/295 1033/1867/295 1035/1868/296 1036/1869/296 

v 17.4237 4.11233 -2.55028
v 17.4237 4.11233 -2.44828
f 1036/1870/296 1035/1871/296 1037/1872/297 1038/1873/297 

v 17.4165 4.1038 -2.55028
v 17.4165 4.1038 -2.44828
f 1038/1874/297 1037/1875/297 1039/1876/298 1040/1877/298 

v 17.4071 4.09726 -2.55028
v 17.4071 4.09726 -2.44828
f 1039/1878/298 1041/1879/299 1042/1880/299 1040/1881/298 

v 17.3961 4.09315 -2.55028
v 17.3961 4.09315 -2.44828
f 1041/1882/299 1043/1883/300 1044/1884/300 1042/1885/299 

v 17.3843 4.09174 -2.55028
v 17.3843 4.09174 -2.44828
f 1043/1886/300 1045/1887/301 1046/1888/301 1044/1889/300 

v 17.3726 4.09315 -2.55028
v 17.3726 4.09315 -2.44828
f 1045/1890/301 1047/1891/302 1048/1892/302 1046/1893/301 

v 17.3616 4.09726 -2.55028
v 17.3616 4.09726 -2.44828
f 1047/1894/302 1049/1895/303 1050/1896/303 1048/1897/302 

v 17.3522 4.1038 -2.55028
v 17.3522 4.1038 -2.44828
f 1049/1898/303 1051/1899/304 1052/1900/304 1050/1901/303 

v 17.345 4.11233 -2.55028
v 17.345 4.11233 -2.44828
f 1053/1902/305 1054/1903/305 1052/1904/304 1051/1905/304 

v 17.3404 4.12226 -2.55028
v 17.3404 4.12226 -2.44828
f 1055/1906/306 1056/1907/306 1054/1908/305 1053/1909/305 

v 17.3389 4.13291 -2.55028
v 17.3389 4.13291 -2.44828
f 1057/1910/307 1058/1911/307 1056/1912/306 1055/1913/306 

v 17.3386 4.36855 -2.55028
v 17.3386 4.36855 -2.44828
f 1059/1914/308 1060/1915/308 1058/1916/307 1057/1917/307 

v 17.3402 4.37927 -2.55028
v 17.3402 4.37927 -2.44828
f 1061/1918/309 1062/1919/309 1060/1920/308 1059/1921/308 

v 17.3447 4.38925 -2.55028
v 17.3447 4.38925 -2.44828
f 1063/1922/310 1064/1923/310 1062/1924/309 1061/1925/309 

v 17.352 4.39782 -2.55028
f 1065/1926/311 1016/1927/311 1064/1928/310 1063/1929/310 

v 17.3615 4.4044 -2.55028
f 1066/1930/312 1013/1827/312 1016/1826/311 1065/1931/311 

f 1022/1932/288 1014/1823/288 1013/1822/312 1066/1933/312 

usemtl _auto_5
f 1014/1934/313 1019/1935/313 1013/1936/313

f 1014/1934/313 1018/1937/313 1019/1935/313

f 1018/1937/313 1014/1934/313 1020/1938/313

f 1013/1936/313 1019/1935/313 1026/1939/313

v 17.4167 4.39782 -2.38529
f 1067/1940/314 1017/1941/284 1019/1848/284 1026/1847/314 

f 1017/1828/280 1015/1829/280 1067/1942/280

v 17.3447 4.38925 -2.38529
f 1067/1942/280 1015/1829/280 1068/1943/280

f 1015/1944/283 1068/1945/315 1064/1928/315 1016/1927/283 

v 17.3402 4.37927 -2.38529
f 1068/1946/315 1069/1947/316 1062/1924/316 1064/1923/315 

v 17.424 4.38925 -2.38529
f 1070/1948/280 1068/1943/280 1069/1949/280

f 1067/1942/280 1068/1943/280 1070/1948/280

f 1070/1950/317 1067/1951/314 1026/1850/314 1028/1853/317 

f 1016/1952/313 1026/1939/313 1028/1953/313

f 1013/1936/313 1026/1939/313 1016/1952/313

f 1016/1952/313 1028/1953/313 1064/1954/313

f 1064/1954/313 1028/1953/313 1030/1955/313

v 17.4285 4.37927 -2.38529
f 1071/1956/318 1070/1957/317 1028/1854/317 1030/1857/318 

f 1070/1948/280 1069/1949/280 1071/1958/280

v 17.3386 4.36855 -2.38529
f 1071/1958/280 1069/1949/280 1072/1959/280

f 1069/1960/316 1072/1961/319 1060/1920/319 1062/1919/316 

v 17.3389 4.13291 -2.38529
f 1072/1962/319 1073/1963/320 1058/1916/320 1060/1915/319 

v 17.3693 4.13047 -2.38529
f 1074/1964/280 1072/1959/280 1073/1965/280

v 17.3693 4.37137 -2.38529
f 1075/1966/280 1072/1959/280 1074/1964/280

f 1071/1958/280 1072/1959/280 1075/1966/280

v 17.3932 4.37137 -2.38529
f 1076/1967/280 1071/1958/280 1075/1966/280

v 17.4301 4.36855 -2.38529
f 1071/1958/280 1076/1967/280 1077/1968/280

v 17.3932 4.13047 -2.38529
f 1077/1968/280 1076/1967/280 1078/1969/280

v 17.3932 4.13047 -2.44828
v 17.3932 4.37137 -2.44828
f 1076/1970/321 1078/1971/321 1079/1972/321 1080/1973/321 

v 17.3693 4.13047 -2.44828
f 1078/1974/322 1074/1975/322 1081/1976/322 1079/1977/322 

v 17.3404 4.12226 -2.38529
f 1074/1964/280 1082/1978/280 1078/1969/280

f 1074/1964/280 1073/1965/280 1082/1978/280

f 1073/1979/320 1082/1980/306 1056/1912/306 1058/1911/320 

v 17.345 4.11233 -2.38529
f 1082/1981/306 1083/1982/323 1054/1908/323 1056/1907/306 

v 17.4283 4.12226 -2.38529
f 1084/1983/280 1082/1978/280 1083/1984/280

f 1084/1983/280 1078/1969/280 1082/1978/280

v 17.4298 4.13291 -2.38529
f 1085/1985/280 1078/1969/280 1084/1983/280

f 1077/1968/280 1078/1969/280 1085/1985/280

f 1085/1986/324 1077/1987/325 1032/1862/325 1034/1865/324 

f 1077/1988/325 1071/1989/318 1030/1858/318 1032/1861/325 

f 1062/1990/313 1030/1955/313 1032/1991/313

f 1064/1954/313 1030/1955/313 1062/1990/313

f 1062/1990/313 1032/1991/313 1080/1992/313

f 1080/1992/313 1032/1991/313 1079/1993/313

f 1079/1993/313 1032/1991/313 1034/1994/313

f 1079/1993/313 1034/1994/313 1036/1995/313

f 1084/1996/326 1085/1997/324 1034/1866/324 1036/1869/326 

v 17.4237 4.11233 -2.38529
f 1086/1998/327 1084/1999/326 1036/1870/326 1038/1873/327 

f 1084/1983/280 1083/1984/280 1086/2000/280

v 17.3522 4.1038 -2.38529
f 1086/2000/280 1083/1984/280 1087/2001/280

f 1083/2002/323 1087/2003/328 1052/1904/328 1054/1903/323 

v 17.3616 4.09726 -2.38529
f 1087/2004/328 1088/2005/329 1050/1901/329 1052/1900/328 

v 17.4165 4.1038 -2.38529
f 1089/2006/280 1087/2001/280 1088/2007/280

f 1086/2000/280 1087/2001/280 1089/2006/280

f 1089/2008/330 1086/2009/327 1038/1874/327 1040/1877/330 

f 1052/2010/313 1038/2011/313 1040/2012/313

f 1054/2013/313 1038/2011/313 1052/2010/313

f 1056/2014/313 1038/2011/313 1054/2013/313

f 1056/2014/313 1036/1995/313 1038/2011/313

f 1056/2014/313 1081/2015/313 1036/1995/313

f 1058/2016/313 1081/2015/313 1056/2014/313

f 1060/2017/313 1081/2015/313 1058/2016/313

v 17.3693 4.37137 -2.44828
f 1060/2017/313 1090/2018/313 1081/2015/313

f 1062/1990/313 1090/2018/313 1060/2017/313

f 1090/2018/313 1062/1990/313 1080/1992/313

usemtl metal_ring
v 17.3932 4.37137 -2.52226
v 17.3693 4.37137 -2.52226
f 1091/2019/331 1092/2020/331 1090/2021/331 1080/2022/331 

v 17.3932 4.13047 -2.52226
v 17.3693 4.13047 -2.52226
f 1091/1992/313 1093/1993/313 1094/2015/313 1092/2018/313 

f 1091/2023/321 1080/1973/321 1079/1972/321 1093/2024/321 

f 1093/2025/322 1079/1977/322 1081/1976/322 1094/2026/322 

usemtl _auto_5
f 1079/1993/313 1036/1995/313 1081/2015/313

usemtl metal_ring
f 1090/2027/332 1092/2028/332 1094/2029/332 1081/2030/332 

usemtl _auto_5
f 1074/2031/332 1075/2032/332 1090/2027/332 1081/2030/332 

f 1075/2033/331 1076/2034/331 1080/2022/331 1090/2021/331 

f 1052/2010/313 1040/2012/313 1042/2035/313

v 17.4071 4.09726 -2.38529
f 1095/2036/333 1089/2037/330 1040/1881/330 1042/1880/333 

f 1089/2006/280 1088/2007/280 1095/2038/280

v 17.3726 4.09315 -2.38529
f 1095/2038/280 1088/2007/280 1096/2039/280

f 1088/2040/329 1096/2041/334 1048/1897/334 1050/1896/329 

v 17.3843 4.09174 -2.38529
f 1096/2042/334 1097/2043/335 1046/1893/335 1048/1892/334 

v 17.3961 4.09315 -2.38529
f 1098/2044/280 1096/2039/280 1097/2045/280

f 1095/2038/280 1096/2039/280 1098/2044/280

f 1098/2046/336 1095/2047/333 1042/1885/333 1044/1884/336 

f 1050/2048/313 1042/2035/313 1044/2049/313

f 1052/2010/313 1042/2035/313 1050/2048/313

f 1050/2048/313 1044/2049/313 1048/2050/313

f 1048/2050/313 1044/2049/313 1046/2051/313

f 1097/2052/335 1098/2053/336 1044/1889/336 1046/1888/335 

g Mesh13 Group9 Group1 Model

usemtl FrontColor
v 21.1747 3.64062 -2.14403
v 21.1747 5.39062 -2.14403
v 3.55271e-15 5.39062 -2.14403
v 3.55271e-15 3.64062 -2.14403
v 0.00320818 3.59168 -2.14403
v 0.0127778 3.54357 -2.14403
v 0.0285452 3.49712 -2.14403
v 0.0502405 3.45312 -2.14403
v 0.0774925 3.41234 -2.14403
v 0.109835 3.37546 -2.14403
v 0.146714 3.34312 -2.14403
v 0.1875 3.31587 -2.14403
v 0.231494 3.29417 -2.14403
v 0.277943 3.2784 -2.14403
v 0.326053 3.26883 -2.14403
v 0.375 3.26562 -2.14403
v 20.7997 3.26562 -2.14403
v 20.8486 3.26883 -2.14403
v 20.8967 3.2784 -2.14403
v 20.9432 3.29417 -2.14403
v 20.9872 3.31587 -2.14403
v 21.028 3.34312 -2.14403
v 21.0648 3.37546 -2.14403
v 21.0972 3.41234 -2.14403
v 21.1244 3.45312 -2.14403
v 21.1461 3.49712 -2.14403
v 21.1619 3.54357 -2.14403
v 21.1715 3.59168 -2.14403
f 1099/1078/4 1100/1079/4 1101/1080/4 1102/1081/4 1103/1082/4 1104/1083/4 1105/1084/4 1106/1085/4 1107/1086/4 1108/1087/4 1109/1088/4 1110/1089/4 1111/1090/4 1112/1091/4 1113/1092/4 1114/1093/4 1115/1041/4 1116/1094/4 1117/1095/4 1118/1096/4 1119/1097/4 1120/1098/4 1121/1099/4 1122/1100/4 1123/1101/4 1124/1102/4 1125/1103/4 1126/1104/4 

usemtl Material13
vt 0 14.1626
v 21.1747 3.64062 -2.55028
vt 0.40625 0.375
v 21.1747 17.4283 -2.55028
vt 0.40625 14.1626
f 342/2054/3 1100/1080/3 1099/1081/3 1127/2055/3 1128/2056/3 

v 21.1715 3.59168 -2.55028
vt 0.40625 1.71004
vn 0.991445 -0.130526 -0
vt 0.40625 1.75909
vn 0.997859 -0.0654031 -0
vt 0 1.75909
vt 0 1.71004
f 1129/2057/337 1127/2058/338 1099/2059/338 1126/2060/337 

vn 7.50519e-33 -5.05899e-32 -1
v 0.00320818 3.59168 -2.55028
f 1129/1111/339 1130/1134/339 1127/1110/339

v 0.0127778 3.54357 -2.55028
f 1129/1111/339 1131/1133/339 1130/1134/339

v 21.1619 3.54357 -2.55028
f 1132/1112/339 1131/1133/339 1129/1111/339

v 0.0285452 3.49712 -2.55028
f 1132/1112/339 1133/1132/339 1131/1133/339

v 21.1461 3.49712 -2.55028
f 1134/1113/339 1133/1132/339 1132/1112/339

v 0.0502405 3.45312 -2.55028
f 1134/1113/339 1135/1131/339 1133/1132/339

v 21.1244 3.45312 -2.55028
f 1136/1114/339 1135/1131/339 1134/1113/339

v 0.0774925 3.41234 -2.55028
f 1136/1114/339 1137/1130/339 1135/1131/339

v 21.0972 3.41234 -2.55028
f 1138/1115/339 1137/1130/339 1136/1114/339

v 0.109835 3.37546 -2.55028
f 1138/1115/339 1139/1129/339 1137/1130/339

v 21.0648 3.37546 -2.55028
f 1140/1116/339 1139/1129/339 1138/1115/339

v 21.028 3.34312 -2.55028
f 1141/1117/339 1139/1129/339 1140/1116/339

v 0.146714 3.34312 -2.55028
f 1141/1117/339 1142/1128/339 1139/1129/339

v 0.1875 3.31587 -2.55028
f 1141/1117/339 1143/1127/339 1142/1128/339

v 20.9872 3.31587 -2.55028
f 1144/1118/339 1143/1127/339 1141/1117/339

v 0.231494 3.29417 -2.55028
f 1144/1118/339 1145/1126/339 1143/1127/339

v 20.9432 3.29417 -2.55028
f 1146/1119/339 1145/1126/339 1144/1118/339

v 0.277943 3.2784 -2.55028
f 1146/1119/339 1147/1125/339 1145/1126/339

v 20.8967 3.2784 -2.55028
f 1148/1120/339 1147/1125/339 1146/1119/339

v 0.326053 3.26883 -2.55028
f 1148/1120/339 1149/1124/339 1147/1125/339

v 20.8486 3.26883 -2.55028
f 1150/1121/339 1149/1124/339 1148/1120/339

v 0.375 3.26562 -2.55028
f 1150/1121/339 1151/1123/339 1149/1124/339

v 20.7997 3.26562 -2.55028
vt -20.7997 2.05522e-32
f 1151/1123/339 1150/1121/339 1152/2061/339

vt 0.40625 20.7551
vn 0.0654031 -0.997859 -0
vt 0.40625 20.8042
vn 0.130526 -0.991445 -0
vt 0 20.8042
vt 0 20.7551
f 1152/2062/340 1150/2063/341 1116/2064/341 1115/2065/340 

vt 0.40625 20.4487
vt 0.40625 20.4977
vt 0 20.4977
vt 0 20.4487
f 1150/2066/341 1148/2067/220 1117/2068/220 1116/2069/341 

vt 0.40625 19.7919
vt 0.40625 19.8409
vn 0.382683 -0.92388 -0
vt 0 19.8409
vt 0 19.7919
f 1148/2070/220 1146/2071/342 1118/2072/342 1117/2073/220 

vt 0.40625 18.796
vt 0.40625 18.845
vt 0 18.845
f 1146/2074/342 1144/2075/219 1119/2076/219 1118/1172/342 

vt 0.40625 17.4781
vt 0.40625 17.5272
vn 0.608761 -0.793353 -0
vt 0 17.5272
vt 0 17.4781
f 1144/2077/219 1141/2078/343 1120/2079/343 1119/2080/219 

vt 0.40625 15.8608
vt 0.40625 15.9098
vt 0 15.9098
vt 0 15.8608
f 1141/2081/343 1140/2082/212 1121/2083/212 1120/2084/343 

vt 0.40625 13.9716
vt 0.40625 14.0206
vn 0.793353 -0.608761 -0
vt 0 14.0206
vt 0 13.9716
f 1140/2085/212 1138/2086/344 1122/2087/344 1121/2088/212 

vt 0.40625 11.843
vt 0.40625 11.892
vt 0 11.892
vt 0 11.843
f 1138/2089/344 1136/2090/210 1123/2091/210 1122/2092/344 

vt 0.40625 9.51126
vt 0.40625 9.56032
vn 0.92388 -0.382683 -0
vt 0 9.56032
vt 0 9.51126
f 1136/2093/210 1134/2094/345 1124/2095/345 1123/2096/210 

vt 0.40625 7.01641
vt 0.40625 7.06546
vt 0 7.06546
vt 0 7.01641
f 1134/2097/345 1132/2098/271 1125/2099/271 1124/2100/345 

vt 0.40625 4.40108
vt 0.40625 4.45014
vt 0 4.45014
vt 0 4.40108
f 1132/2101/271 1129/2102/337 1126/2103/337 1125/2104/271 

vn -2.17428e-17 -1 -0
vt -0.375 0
vt -0.375 0.40625
vt -20.7997 0.40625
f 1115/1122/346 1114/2105/346 1151/2106/346 1152/2107/346 

vt -0.40625 -0.325145
vn -0.130526 -0.991445 -0
vt -0.40625 -0.374197
vt 0 -0.374197
vt 0 -0.325145
f 1149/2108/347 1151/2109/194 1114/2110/194 1113/2111/347 

vt -0.40625 -0.270109
vt -0.40625 -0.319162
vt 0 -0.319162
vt 0 -0.270109
f 1147/2112/227 1149/2113/347 1113/2114/347 1112/2115/227 

vt -0.40625 -0.210033
vn -0.382683 -0.92388 -0
vt -0.40625 -0.259085
vt 0 -0.259085
vt 0 -0.210033
f 1145/2116/348 1147/2117/227 1112/2118/227 1111/2119/348 

vt -0.40625 -0.145943
vt -0.40625 -0.194995
vt 0 -0.194995
vt 0 -0.145943
f 1143/2120/228 1145/2121/348 1111/2122/348 1110/2123/228 

vt -0.40625 -0.0789361
vn -0.608761 -0.793353 -0
vt -0.40625 -0.127988
vt 0 -0.127988
vt 0 -0.0789361
f 1142/2124/349 1143/2125/228 1110/2126/228 1109/2127/349 

vt -0.40625 -0.0101591
vn -0.707107 -0.707107 -0
vt -0.40625 -0.0592114
vt 0 -0.0592114
vt 0 -0.0101591
f 1139/2128/350 1142/2129/349 1109/2130/349 1108/2131/350 

vt -0.40625 0.0592114
vn -0.793353 -0.608761 -0
vt -0.40625 0.0101591
vt 0 0.0101591
f 1137/2132/351 1139/2133/350 1108/2134/350 1107/1216/351 

vt -0.40625 0.127988
vt -0.40625 0.0789361
vt 0 0.0789361
vt 0 0.127988
f 1135/2135/217 1137/2136/351 1107/2137/351 1106/2138/217 

vt -0.40625 0.194995
vn -0.92388 -0.382683 -0
vt -0.40625 0.145943
vt 0 0.194995
f 1133/2139/352 1135/2140/217 1106/1223/217 1105/2141/352 

vt -0.40625 0.259085
vn -0.965926 -0.258819 -0
vt -0.40625 0.210033
vt 0 0.210033
vt 0 0.259085
f 1131/2142/353 1133/2143/352 1105/2144/352 1104/2145/353 

vt -0.40625 0.319162
vn -0.991445 -0.130526 -0
vt -0.40625 0.270109
vt 0 0.270109
vt 0 0.319162
f 1130/2146/354 1131/2147/353 1104/2148/353 1103/2149/354 

v 3.55271e-15 3.64062 -2.55028
vt -0.40625 0.374197
vn -0.997859 -0.0654031 -0
vt -0.40625 0.325145
vt 0 0.325145
vt 0 0.374197
f 1153/2150/355 1130/2151/354 1103/2152/354 1102/2153/355 

vt 3.04899e-33 0.375
f 1127/1110/339 1130/1134/339 1153/2154/339

vt -17.8568 0.826119
f 1127/1110/339 1153/2154/339 865/2155/339

vt -16.4395 0.826119
f 865/2155/339 1153/2154/339 955/2156/339

v 1.26142 4.19976 -2.55028
vt -1.26142 0.934137
f 1153/2154/339 1154/2157/339 955/2156/339

v 1.18131 4.21031 -2.55028
vt -1.18131 0.944684
f 1154/2157/339 1153/2154/339 1155/2158/339

v 1.10665 4.24123 -2.55028
vt -1.10665 0.975607
f 1155/2158/339 1153/2154/339 1156/2159/339

v 1.04254 4.29042 -2.55028
vt -1.04254 1.0248
f 1156/2159/339 1153/2154/339 1157/2160/339

v 0.993349 4.35453 -2.55028
vt -0.993349 1.08891
f 1157/2160/339 1153/2154/339 1158/2161/339

v 0.962426 4.42919 -2.55028
vt -0.962426 1.16356
f 1158/2161/339 1153/2154/339 1159/2162/339

v 0.951878 4.5093 -2.55028
vt -0.951878 1.24368
f 1159/2162/339 1153/2154/339 1160/2163/339

v 3.55271e-15 17.4283 -2.55028
vt 3.04899e-33 14.1626
f 1160/2163/339 1153/2154/339 1161/2164/339

vt -0.40625 0.375
v 3.55271e-15 4.10026 -2.43029
vt -0.286252 0.834637
vt -0.40625 14.1626
f 1153/2165/22 1162/2166/22 1161/2167/22

v 3.55271e-15 4.07793 -2.42735
vt -0.283312 0.812307
f 1153/2165/22 1163/2168/22 1162/2166/22

v 3.55271e-15 4.05712 -2.41873
vt -0.274693 0.791498
f 1153/2165/22 1164/2169/22 1163/2168/22

v 3.55271e-15 4.03925 -2.40502
vt -0.260982 0.773629
f 1153/2165/22 1165/2170/22 1164/2169/22

v 3.55271e-15 4.02554 -2.38715
vt -0.243113 0.759918
f 1153/2165/22 1166/2171/22 1165/2170/22

v 3.55271e-15 4.01692 -2.36634
vt -0.222304 0.751299
f 1153/2165/22 1167/2172/22 1166/2171/22

v 3.55271e-15 4.01398 -2.34401
vt -0.199974 0.748359
f 1153/2165/22 1168/2173/22 1167/2172/22

v 3.55271e-15 4.01692 -2.32168
vt -0.177643 0.751299
f 1153/2165/22 1169/2174/22 1168/2173/22

v 3.55271e-15 4.02554 -2.30087
vt -0.156834 0.759918
f 1153/2165/22 1170/2175/22 1169/2174/22

v 3.55271e-15 4.03925 -2.283
vt -0.138966 0.773629
f 1153/2165/22 1171/2176/22 1170/2175/22

v 3.55271e-15 4.05712 -2.26929
vt -0.125254 0.791498
f 1153/2165/22 1172/2177/22 1171/2176/22

f 1102/1081/22 1172/2177/22 1153/2165/22

v 3.55271e-15 4.07793 -2.26067
vt -0.116635 0.812307
f 1172/2177/22 1102/1081/22 1173/2178/22

v 3.55271e-15 4.10026 -2.25773
vt -0.113695 0.834637
f 1173/2178/22 1102/1081/22 1174/2179/22

f 1102/1081/22 1161/2167/22 1174/2179/22

f 1101/1080/22 1161/2167/22 1102/1081/22

f 1161/2167/22 1101/1080/22 338/2054/22

v 0.00320818 17.4772 -2.55028
vt -0.40625 14.1814
vt -0.40625 14.1323
vt 0 14.1323
v 0.00320818 17.4772 -2.14403
vt 0 14.1814
f 1175/2180/152 1161/2181/153 338/2182/153 1176/2183/152 

vt -21.1747 14.1626
vt -0.00320818 14.2116
f 1128/2184/339 1161/2164/339 1175/2185/339

v 1.26142 4.81885 -2.55028
vt -1.26142 1.55322
f 1128/2184/339 1177/2186/339 1161/2164/339

v 1.34154 4.8083 -2.55028
vt -1.34154 1.54268
f 1128/2184/339 1178/2187/339 1177/2186/339

v 1.41619 4.77738 -2.55028
vt -1.41619 1.51175
f 1128/2184/339 1179/2188/339 1178/2187/339

v 1.4803 4.72819 -2.55028
vt -1.4803 1.46256
f 1128/2184/339 1180/2189/339 1179/2188/339

vt -10.5873 1.40575
f 1128/2184/339 600/2190/339 1180/2189/339

vt -10.652 1.39724
f 1128/2184/339 596/2191/339 600/2190/339

vt -10.7123 1.37226
f 1128/2184/339 524/2192/339 596/2191/339

vt -10.7641 1.33253
f 1128/2184/339 511/2193/339 524/2192/339

v 16.911 4.58973 -2.55028
vt -16.911 1.3241
f 1128/2184/339 1181/2194/339 511/2193/339

v 16.9359 4.53854 -2.55028
vt -16.9359 1.27292
f 1128/2184/339 1182/2195/339 1181/2194/339

vt -17.8568 1.14432
f 1128/2184/339 841/2196/339 1182/2195/339

vt -17.8686 1.14291
f 1128/2184/339 843/2197/339 841/2196/339

vt -17.8797 1.13878
f 1128/2184/339 844/2198/339 843/2197/339

vt -17.8891 1.1322
f 1128/2184/339 845/2199/339 844/2198/339

vt -17.8964 1.12363
f 1128/2184/339 847/2200/339 845/2199/339

vt -17.901 1.11364
f 1128/2184/339 849/2201/339 847/2200/339

vt -17.9025 1.10293
f 1128/2184/339 851/2202/339 849/2201/339

vt -17.9023 0.867288
f 1128/2184/339 853/2203/339 851/2202/339

vt -17.9007 0.856633
f 1128/2184/339 855/2204/339 853/2203/339

f 1127/1110/339 855/2204/339 1128/2184/339

vt -17.8962 0.846704
f 1127/1110/339 857/2205/339 855/2204/339

vt -17.889 0.838177
f 1127/1110/339 859/2206/339 857/2205/339

vt -17.8795 0.831635
f 1127/1110/339 861/2207/339 859/2206/339

vt -17.8686 0.827522
f 1127/1110/339 863/2208/339 861/2207/339

f 1127/1110/339 865/2155/339 863/2208/339

v 16.9234 4.50216 -2.55028
vt -16.9234 1.23653
f 1182/2195/339 841/2196/339 1183/2209/339

vt -10.8373 1.15575
f 1183/2209/339 841/2196/339 501/2210/339

vt -17.3843 1.14432
f 1021/2211/339 501/2210/339 841/2196/339

vt -16.9119 1.14432
f 751/2212/339 501/2210/339 1021/2211/339

vt -16.4395 1.14432
f 931/2213/339 501/2210/339 751/2212/339

vt -16.4276 1.14291
f 932/2214/339 501/2210/339 931/2213/339

vt -16.4166 1.13878
f 976/2215/339 501/2210/339 932/2214/339

v 16.4071 4.39782 -2.55028
vt -16.4071 1.1322
f 1184/2216/339 501/2210/339 976/2215/339

v 16.3999 4.38925 -2.55028
vt -16.3999 1.12363
f 1185/2217/339 501/2210/339 1184/2216/339

v 16.3953 4.37927 -2.55028
vt -16.3953 1.11364
f 1186/2218/339 501/2210/339 1185/2217/339

vt -16.3937 1.10293
f 969/2219/339 501/2210/339 1186/2218/339

vt -10.8288 1.09105
f 969/2219/339 500/2220/339 501/2210/339

vt -10.8038 1.03075
f 969/2219/339 507/2221/339 500/2220/339

vt -10.7641 0.978978
f 969/2219/339 517/2222/339 507/2221/339

vt -10.7123 0.939248
f 969/2219/339 530/2223/339 517/2222/339

vt -10.652 0.914273
f 969/2219/339 536/2224/339 530/2223/339

vt -10.5873 0.905755
f 969/2219/339 538/2225/339 536/2224/339

vt -16.394 0.867288
f 538/2225/339 969/2219/339 967/2226/339

usemtl _auto_6
vt 0.40625 1.08544
vn 0.997431 -0.0716348 2.28568e-15
v 16.3937 4.36855 -2.44828
vt 0.304245 1.08544
v 16.394 4.13291 -2.44828
vt 0.304245 0.849802
vn 0.997354 0.0726987 2.9412e-15
vt 0.40625 0.849802
f 969/2227/356 1187/2228/356 1188/2229/357 967/2230/357 

vt 0.40625 3.46226
vn 0.959141 -0.282929 -2.46207e-15
vt 0.304245 3.46226
vt 0.304245 3.45143
vt 0.40625 3.45143
f 1186/2231/358 972/2232/358 1187/2233/356 969/2234/356 

vt 0.40625 7.84691
vn 0.84392 -0.536468 -4.66937e-15
vt 0.304245 7.84691
vt 0.304245 7.83593
vt 0.40625 7.83593
f 1185/2235/359 974/2236/359 972/2237/358 1186/2238/358 

vt 0.40625 11.4742
vn 0.672261 -0.740315 -6.44514e-15
vt 0.304245 11.4742
vt 0.304245 11.4629
vt 0.40625 11.4629
f 1184/2239/360 926/2240/360 974/2241/359 1185/2242/359 

vt 0.40625 14.1337
vn 0.464274 -0.885692 -5.65698e-15
vt 0.304245 14.1337
vt 0.304245 14.1222
vt 0.40625 14.1222
f 976/2243/361 923/2244/361 926/2245/360 1184/2246/360 

vt 0.40625 15.7835
vn 0.236361 -0.971665 -2.05277e-15
vt 0.304245 15.7835
vt 0.304245 15.7718
vt 0.40625 15.7718
f 932/2247/362 924/2248/362 923/2249/361 976/2250/361 

vt 0.40625 16.4594
vn -5.54845e-14 -1 6.53012e-15
v 16.4395 4.40995 -2.44828
vt 0.304245 16.4594
vt 0.304245 16.4475
vt 0.40625 16.4475
f 931/2251/363 1189/2252/363 924/2253/362 932/2254/362 

vt -0.40625 -16.2006
vn -0.236361 -0.971665 1.26908e-14
vt -0.304245 -16.2006
vt -0.304245 -16.1886
vt -0.40625 -16.1886
f 933/2255/364 928/2256/364 1189/2257/363 931/2258/363 

vt -0.40625 -15.0151
vn -0.464274 -0.885692 6.16267e-15
vt -0.304245 -15.0151
vt -0.304245 -15.0034
vt -0.40625 -15.0034
f 934/2259/365 929/2260/365 928/2261/364 933/2262/364 

vt -0.40625 -12.8837
vn -0.67226 -0.740315 -0
vt -0.304245 -12.8837
vt -0.304245 -12.8722
vt -0.40625 -12.8722
f 935/2263/366 936/2264/366 929/2265/365 934/2266/365 

vt -0.304245 -9.78886
vt -0.40625 -9.78886
vt -0.40625 -9.8001
vn -0.84392 -0.536468 -0
vt -0.304245 -9.8001
f 936/2267/366 935/2268/366 937/2269/367 938/2270/367 

usemtl Material13
v 16.8723 4.38925 -2.55028
vt -16.8723 1.12363
vt -16.4791 1.12363
vt -16.4718 1.1322
f 1190/2271/339 937/2272/339 935/2273/339

v 16.8677 4.37927 -2.55028
vt -16.8677 1.11364
f 1191/2274/339 937/2272/339 1190/2271/339

vt -16.4837 1.11364
f 1191/2274/339 939/2275/339 937/2272/339

vt -16.8662 1.10293
f 789/2276/339 939/2275/339 1191/2274/339

vt -16.4852 1.10293
f 789/2276/339 941/2277/339 939/2275/339

v 16.8664 4.13291 -2.55028
vt -16.8664 0.867288
f 1192/2278/339 941/2277/339 789/2276/339

vt -16.485 0.867288
f 1192/2278/339 943/2279/339 941/2277/339

v 16.868 4.12226 -2.55028
vt -16.868 0.856633
f 1193/2280/339 943/2279/339 1192/2278/339

vt -16.4834 0.856633
f 1193/2280/339 945/2281/339 943/2279/339

v 16.8725 4.11233 -2.55028
vt -16.8725 0.846704
f 1194/2282/339 945/2281/339 1193/2280/339

vt -16.4789 0.846704
f 1194/2282/339 947/2283/339 945/2281/339

vt -16.8797 0.838177
f 781/2284/339 947/2283/339 1194/2282/339

vt -16.4716 0.838177
f 781/2284/339 949/2285/339 947/2283/339

v 16.8892 4.09726 -2.55028
vt -16.8892 0.831635
f 1195/2286/339 949/2285/339 781/2284/339

vt -16.4622 0.831635
f 1195/2286/339 951/2287/339 949/2285/339

v 16.9001 4.09315 -2.55028
vt -16.9001 0.827522
f 1196/2288/339 951/2287/339 1195/2286/339

vt -16.4512 0.827522
f 1196/2288/339 953/2289/339 951/2287/339

vt -16.9119 0.826119
f 775/2290/339 953/2289/339 1196/2288/339

f 953/2289/339 775/2290/339 955/2156/339

f 865/2155/339 955/2156/339 775/2290/339

vt -17.3843 0.826119
f 865/2155/339 775/2290/339 1045/2291/339

v 16.9237 4.09315 -2.55028
vt -16.9237 0.827522
f 1197/2292/339 1045/2291/339 775/2290/339

vt -17.3726 0.827522
f 1045/2291/339 1197/2292/339 1047/2293/339

v 16.9347 4.09726 -2.55028
vt -16.9347 0.831635
f 1047/2293/339 1197/2292/339 1198/2294/339

vt -17.3616 0.831635
f 1047/2293/339 1198/2294/339 1049/2295/339

vt -16.9441 0.838177
f 1049/2295/339 1198/2294/339 769/2296/339

vt -17.3522 0.838177
f 1049/2295/339 769/2296/339 1051/2297/339

v 16.9513 4.11233 -2.55028
vt -16.9513 0.846704
f 1051/2297/339 769/2296/339 1199/2298/339

vt -17.345 0.846704
f 1051/2297/339 1199/2298/339 1053/2299/339

v 16.9558 4.12226 -2.55028
vt -16.9558 0.856633
f 1053/2299/339 1199/2298/339 1200/2300/339

v 17.3404 4.12226 -2.55028
vt -17.3404 0.856633
f 1053/2299/339 1200/2300/339 1201/2301/339

vt -16.9574 0.867288
f 1201/2301/339 1200/2300/339 763/2302/339

vt -17.3389 0.867288
f 1201/2301/339 763/2302/339 1057/2303/339

v 16.9577 4.36855 -2.55028
vt -16.9577 1.10293
f 1057/2303/339 763/2302/339 1202/2304/339

vt -17.3386 1.10293
f 1057/2303/339 1202/2304/339 1059/2305/339

v 16.9561 4.37927 -2.55028
vt -16.9561 1.11364
f 1059/2305/339 1202/2304/339 1203/2306/339

v 17.3402 4.37927 -2.55028
vt -17.3402 1.11364
f 1059/2305/339 1203/2306/339 1204/2307/339

v 16.9515 4.38925 -2.55028
vt -16.9515 1.12363
f 1204/2307/339 1203/2306/339 1205/2308/339

v 17.3447 4.38925 -2.55028
vt -17.3447 1.12363
f 1204/2307/339 1205/2308/339 1206/2309/339

v 16.9443 4.39782 -2.55028
vt -16.9443 1.1322
f 1206/2309/339 1205/2308/339 1207/2310/339

v 17.352 4.39782 -2.55028
vt -17.352 1.1322
f 1206/2309/339 1207/2310/339 1208/2311/339

vt -16.9348 1.13878
f 1208/2311/339 1207/2310/339 754/2312/339

vt -17.3615 1.13878
f 1208/2311/339 754/2312/339 1066/2313/339

vt -16.9237 1.14291
f 1066/2313/339 754/2312/339 753/2314/339

vt -17.3725 1.14291
f 1066/2313/339 753/2314/339 1022/2315/339

f 1022/2315/339 753/2314/339 751/2212/339

f 1022/2315/339 751/2212/339 1021/2211/339

vt -17.3961 0.827522
f 1043/2316/339 865/2155/339 1045/2291/339

vt -17.845 0.827522
f 865/2155/339 1043/2316/339 867/2317/339

vt -17.4071 0.831635
f 867/2317/339 1043/2316/339 1041/2318/339

vt -17.834 0.831635
f 867/2317/339 1041/2318/339 869/2319/339

vt -17.4165 0.838177
f 869/2319/339 1041/2318/339 1039/2320/339

vt -17.8246 0.838177
f 869/2319/339 1039/2320/339 871/2321/339

vt -17.4237 0.846704
f 871/2321/339 1039/2320/339 1037/2322/339

vt -17.8174 0.846704
f 871/2321/339 1037/2322/339 873/2323/339

vt -17.4283 0.856633
f 873/2323/339 1037/2322/339 1035/2324/339

v 17.8129 4.12226 -2.55028
vt -17.8129 0.856633
f 873/2323/339 1035/2324/339 1209/2325/339

vt -17.4298 0.867288
f 1209/2325/339 1035/2324/339 1033/2326/339

vt -17.8113 0.867288
f 1209/2325/339 1033/2326/339 877/2327/339

vt -17.4301 1.10293
f 877/2327/339 1033/2326/339 1031/2328/339

vt -17.811 1.10293
f 877/2327/339 1031/2328/339 879/2329/339

vt -17.4285 1.11364
f 879/2329/339 1031/2328/339 1029/2330/339

v 17.8126 4.37927 -2.55028
vt -17.8126 1.11364
f 879/2329/339 1029/2330/339 1210/2331/339

vt -17.424 1.12363
f 1210/2331/339 1029/2330/339 1027/2332/339

v 17.8172 4.38925 -2.55028
vt -17.8172 1.12363
f 1210/2331/339 1027/2332/339 1211/2333/339

vt -17.4167 1.1322
f 1211/2333/339 1027/2332/339 1025/2334/339

v 17.8244 4.39782 -2.55028
vt -17.8244 1.1322
f 1211/2333/339 1025/2334/339 1212/2335/339

vt -17.4072 1.13878
f 1212/2335/339 1025/2334/339 1024/2336/339

vt -17.8339 1.13878
f 1212/2335/339 1024/2336/339 886/2337/339

vt -17.3962 1.14291
f 886/2337/339 1024/2336/339 1023/2338/339

vt -17.845 1.14291
f 886/2337/339 1023/2338/339 842/2339/339

f 842/2339/339 1023/2338/339 1021/2211/339

f 842/2339/339 1021/2211/339 841/2196/339

usemtl _auto_6
vt -0.40625 16.4336
vt -0.40625 16.4217
vn 1.0482e-16 1 -3.82818e-16
vt -0.304245 16.4217
v 16.4512 4.09315 -2.44828
vt -0.304245 16.4336
f 953/2340/300 955/2341/368 956/2342/368 1213/2343/300 

vt 0.40625 -16.2263
vt 0.40625 -16.2144
v 16.4277 4.09315 -2.44828
vt 0.304245 -16.2144
vt 0.304245 -16.2263
f 955/2344/368 957/2345/302 1214/2346/302 956/2347/368 

usemtl Material13
vt -16.4277 0.827522
f 955/2156/339 1154/2157/339 957/2348/339

vt -16.4167 0.831635
f 957/2348/339 1154/2157/339 959/2349/339

vt -16.4073 0.838177
f 959/2349/339 1154/2157/339 961/2350/339

vt -16.4001 0.846704
f 961/2350/339 1154/2157/339 963/2351/339

v 16.3955 4.12226 -2.55028
vt -16.3955 0.856633
f 963/2351/339 1154/2157/339 1215/2352/339

f 1215/2352/339 1154/2157/339 967/2226/339

f 967/2226/339 1154/2157/339 538/2225/339

vt -10.5226 0.914273
f 538/2225/339 1154/2157/339 551/2353/339

vt -10.4623 0.939248
f 1154/2157/339 553/2354/339 551/2353/339

v 1.34154 4.21031 -2.55028
vt -1.34154 0.944684
f 553/2354/339 1154/2157/339 1216/2355/339

usemtl _auto_3
vt -0.40625 1.45337
vn -0.258819 0.965926 -1.07239e-16
vt -0.40625 1.37256
vn 2.81071e-14 1 -1.11022e-16
v 1.26142 4.19976 -2.48778
vt -0.34375 1.37256
v 1.34154 4.21031 -2.48778
vt -0.34375 1.45337
f 1216/2356/369 1154/2357/370 1217/2358/370 1218/2359/369 

vt 0.40625 -1.1287
v 1.22136 4.20504 -2.55028
vt 0.40625 -1.0883
vn 0.130526 0.991445 -1.10072e-16
v 1.22136 4.20504 -2.48778
vt 0.34375 -1.0883
vt 0.34375 -1.1287
f 1154/2360/370 1219/2361/371 1220/2362/371 1217/2363/370 

usemtl Material13
vt -1.22136 0.93941
f 1154/2157/339 1155/2158/339 1219/2364/339

usemtl _auto_3
vt 0.40625 -1.04789
vn 0.258819 0.965926 -1.07239e-16
v 1.18131 4.21031 -2.48778
vt 0.34375 -1.04789
f 1219/2361/371 1155/2365/372 1221/2366/372 1220/2362/371 

vt 0.40625 -0.72987
vt 0.40625 -0.649063
vn 0.5 0.866025 -9.61481e-17
v 1.10665 4.24123 -2.48778
vt 0.34375 -0.649063
vt 0.34375 -0.72987
f 1155/2367/372 1156/2368/373 1222/2369/373 1221/2370/372 

vt 0.40625 -0.284052
vt 0.40625 -0.203245
vn 0.707107 0.707107 -7.85046e-17
v 1.04254 4.29042 -2.48778
vt 0.34375 -0.203245
vt 0.34375 -0.284052
f 1156/2371/373 1157/2372/374 1223/2373/374 1222/2374/373 

vt 0.40625 0.178369
vt 0.40625 0.259176
vn 0.866025 0.5 -5.55112e-17
v 0.993349 4.35453 -2.48778
vt 0.34375 0.259176
vt 0.34375 0.178369
f 1157/2375/374 1158/2376/375 1224/2377/375 1223/2378/374 

vt 0.40625 0.625882
vt 0.40625 0.706689
vn 0.965926 0.258819 -2.87347e-17
v 0.962426 4.42919 -2.48778
vt 0.34375 0.706689
vt 0.34375 0.625882
f 1158/2379/375 1159/2380/376 1225/2381/376 1224/2382/375 

vt 0.40625 1.02799
vt 0.40625 1.10879
vn 1 2.15562e-15 -2.39322e-31
v 0.951878 4.5093 -2.48778
vt 0.34375 1.10879
vt 0.34375 1.02799
f 1159/2383/376 1160/2384/377 1226/2385/377 1225/2386/376 

vt 0.40625 1.35729
v 0.962426 4.58942 -2.55028
vt 0.40625 1.43809
vn 0.965926 -0.258819 2.87347e-17
v 0.962426 4.58942 -2.48778
vt 0.34375 1.43809
vt 0.34375 1.35729
f 1160/2387/377 1227/2388/378 1228/2389/378 1226/2390/377 

usemtl Material13
vt -0.962426 1.3238
f 1160/2163/339 1161/2164/339 1227/2391/339

v 0.993349 4.66408 -2.55028
vt -0.993349 1.39845
f 1227/2391/339 1161/2164/339 1229/2392/339

v 1.04254 4.72819 -2.55028
vt -1.04254 1.46256
f 1229/2392/339 1161/2164/339 1230/2393/339

v 1.10665 4.77738 -2.55028
vt -1.10665 1.51175
f 1230/2393/339 1161/2164/339 1231/2394/339

v 1.18131 4.8083 -2.55028
vt -1.18131 1.54268
f 1231/2394/339 1161/2164/339 1232/2395/339

f 1232/2395/339 1161/2164/339 1177/2186/339

usemtl _auto_3
vt 0.40625 1.37256
vn 0.258819 -0.965926 1.07239e-16
vt 0.40625 1.45337
vn -5.45904e-16 -1 1.11022e-16
v 1.26142 4.81885 -2.48778
vt 0.34375 1.45337
v 1.18131 4.8083 -2.48778
vt 0.34375 1.37256
f 1232/2396/379 1177/2397/380 1233/2398/380 1234/2399/379 

vt -0.40625 -1.04789
vt -0.40625 -1.1287
vn -0.258819 -0.965926 1.07239e-16
v 1.34154 4.8083 -2.48778
vt -0.34375 -1.1287
vt -0.34375 -1.04789
f 1177/2400/380 1178/2401/381 1235/2402/381 1233/2403/380 

vt -0.40625 -0.649063
vt -0.40625 -0.72987
vn -0.5 -0.866025 9.61481e-17
v 1.41619 4.77738 -2.48778
vt -0.34375 -0.72987
vt -0.34375 -0.649063
f 1178/2404/381 1179/2405/382 1236/2406/382 1235/2407/381 

vt -0.40625 -0.203245
vt -0.40625 -0.284052
vn -0.707107 -0.707107 7.85046e-17
v 1.4803 4.72819 -2.48778
vt -0.34375 -0.284052
vt -0.34375 -0.203245
f 1179/2408/382 1180/2409/383 1237/2410/383 1236/2411/382 

vt -0.40625 0.259176
v 1.52949 4.66408 -2.55028
vt -0.40625 0.178369
vn -0.866025 -0.5 5.55112e-17
v 1.52949 4.66408 -2.48778
vt -0.34375 0.178369
vt -0.34375 0.259176
f 1180/2412/383 1238/2413/384 1239/2414/384 1237/2415/383 

usemtl Material13
vt -1.52949 1.39845
f 600/2190/339 1238/2416/339 1180/2189/339

vt -10.5226 1.39724
f 603/2417/339 1238/2416/339 600/2190/339

vt -10.4623 1.37226
f 606/2418/339 1238/2416/339 603/2417/339

vt -10.4106 1.33253
f 610/2419/339 1238/2416/339 606/2418/339

v 1.56042 4.58942 -2.55028
vt -1.56042 1.3238
f 610/2419/339 1240/2420/339 1238/2416/339

vt -10.3708 1.28075
f 613/2421/339 1240/2420/339 610/2419/339

v 1.57097 4.5093 -2.55028
vt -1.57097 1.24368
f 613/2421/339 1241/2422/339 1240/2420/339

vt -10.3459 1.22046
f 623/2423/339 1241/2422/339 613/2421/339

v 1.56042 4.42919 -2.55028
vt -1.56042 1.16356
f 623/2423/339 1242/2424/339 1241/2422/339

vt -10.3373 1.15575
f 629/2425/339 1242/2424/339 623/2423/339

vt -10.3459 1.09105
f 621/2426/339 1242/2424/339 629/2425/339

v 1.52949 4.35453 -2.55028
vt -1.52949 1.08891
f 621/2426/339 1243/2427/339 1242/2424/339

vt -10.3708 1.03075
f 618/2428/339 1243/2427/339 621/2426/339

v 1.4803 4.29042 -2.55028
vt -1.4803 1.0248
f 618/2428/339 1244/2429/339 1243/2427/339

vt -10.4106 0.978978
f 572/2430/339 1244/2429/339 618/2428/339

v 1.41619 4.24123 -2.55028
vt -1.41619 0.975607
f 572/2430/339 1245/2431/339 1244/2429/339

f 572/2430/339 1216/2355/339 1245/2431/339

f 553/2354/339 1216/2355/339 572/2430/339

usemtl _auto_3
vt -0.40625 1.68174
vn -0.5 0.866025 -9.61481e-17
vt -0.40625 1.60093
vt -0.34375 1.60093
v 1.41619 4.24123 -2.48778
vt -0.34375 1.68174
f 1245/2432/385 1216/2433/369 1218/2434/369 1246/2435/385 

vn 0 -1.11022e-16 -1
v 1.33609 4.23062 -2.48778
vt -1.33609 0.964998
f 1218/2355/386 1247/2436/386 1246/2431/386

v 1.26142 4.22079 -2.48778
vt -1.26142 0.955167
f 1247/2436/386 1218/2355/386 1248/2437/386

f 1218/2355/386 1221/2158/386 1248/2437/386

f 1218/2355/386 1220/2364/386 1221/2158/386

f 1220/2364/386 1218/2355/386 1217/2157/386

v 1.18675 4.23062 -2.48778
vt -1.18675 0.964998
f 1248/2437/386 1221/2158/386 1249/2438/386

f 1249/2438/386 1221/2158/386 1222/2159/386

v 1.11717 4.25945 -2.48778
vt -1.11717 0.99382
f 1249/2438/386 1222/2159/386 1250/2439/386

f 1250/2439/386 1222/2159/386 1223/2160/386

v 1.05741 4.3053 -2.48778
vt -1.05741 1.03967
f 1250/2439/386 1223/2160/386 1251/2440/386

f 1251/2440/386 1223/2160/386 1224/2161/386

v 1.01156 4.36505 -2.48778
vt -1.01156 1.09942
f 1251/2440/386 1224/2161/386 1252/2441/386

f 1252/2441/386 1224/2161/386 1225/2162/386

v 0.98274 4.43463 -2.48778
vt -0.98274 1.16901
f 1252/2441/386 1225/2162/386 1253/2442/386

f 1253/2442/386 1225/2162/386 1226/2163/386

v 0.972909 4.5093 -2.48778
vt -0.972909 1.24368
f 1253/2442/386 1226/2163/386 1254/2443/386

f 1254/2443/386 1226/2163/386 1228/2391/386

v 0.98274 4.58398 -2.48778
vt -0.98274 1.31835
f 1254/2443/386 1228/2391/386 1255/2444/386

v 1.01156 4.65356 -2.48778
vt -1.01156 1.38794
f 1255/2444/386 1228/2391/386 1256/2445/386

v 0.993349 4.66408 -2.48778
f 1256/2445/386 1228/2391/386 1257/2392/386

vt 0.40625 1.59133
vt 0.40625 1.67214
vn 0.866025 -0.5 5.55112e-17
vt 0.34375 1.67214
vt 0.34375 1.59133
f 1227/2446/378 1229/2447/387 1257/2448/387 1228/2449/378 

vt 0.40625 1.71418
vt 0.40625 1.79499
vn 0.707107 -0.707107 7.85046e-17
v 1.04254 4.72819 -2.48778
vt 0.34375 1.79499
vt 0.34375 1.71418
f 1229/2450/387 1230/2451/388 1258/2452/388 1257/2453/387 

vt 0.40625 1.71745
vt 0.40625 1.79826
vn 0.5 -0.866025 9.61481e-17
v 1.10665 4.77738 -2.48778
vt 0.34375 1.79826
vt 0.34375 1.71745
f 1230/2454/388 1231/2455/389 1259/2456/389 1258/2457/388 

vt 0.40625 1.60093
vt 0.40625 1.68174
vt 0.34375 1.68174
vt 0.34375 1.60093
f 1231/2458/389 1232/2459/379 1234/2460/379 1259/2461/389 

v 1.18675 4.78799 -2.48778
vt -1.18675 1.52236
f 1260/2462/386 1259/2394/386 1234/2395/386

v 1.11717 4.75916 -2.48778
vt -1.11717 1.49354
f 1261/2463/386 1259/2394/386 1260/2462/386

f 1261/2463/386 1258/2393/386 1259/2394/386

v 1.05741 4.71331 -2.48778
vt -1.05741 1.44769
f 1262/2464/386 1258/2393/386 1261/2463/386

f 1262/2464/386 1257/2392/386 1258/2393/386

f 1256/2445/386 1257/2392/386 1262/2464/386

usemtl Material13
vt -0.34375 1.79224
vn -0.707107 0.707107 -8.91706e-18
v 1.05741 4.71331 -2.54888
vt -0.404847 1.79224
v 1.01156 4.65356 -2.54888
vt -0.404847 1.71692
vn -0.866025 0.5 -8.91706e-18
vt -0.34375 1.71692
f 1262/2465/390 1263/2466/390 1264/2467/391 1256/2468/391 

vt -0.34375 1.79552
vn -0.5 0.866025 -6.76643e-18
v 1.11717 4.75916 -2.54888
vt -0.404847 1.79552
vt -0.404847 1.7202
vt -0.34375 1.7202
f 1261/2469/392 1265/2470/392 1263/2471/390 1262/2472/390 

vt -0.34375 1.679
vn -0.258819 0.965926 -6.76643e-18
v 1.18675 4.78799 -2.54888
vt -0.404847 1.679
vt -0.404847 1.60368
vt -0.34375 1.60368
f 1260/2473/393 1266/2474/393 1265/2475/392 1261/2476/392 

v 1.26142 4.79782 -2.48778
vt -0.34375 1.45062
vn 2.24241e-14 1 1.73889e-30
v 1.26142 4.79782 -2.54888
vt -0.404847 1.45062
vt -0.404847 1.3753
vt -0.34375 1.3753
f 1267/2477/394 1268/2478/394 1266/2479/393 1260/2480/393 

v 1.33609 4.78799 -2.48778
vt 0.34375 -1.12596
vn 0.258819 0.965926 6.76643e-18
v 1.33609 4.78799 -2.54888
vt 0.404847 -1.12596
vt 0.404847 -1.05064
vt 0.34375 -1.05064
f 1269/2481/395 1270/2482/395 1268/2483/394 1267/2484/394 

v 1.40568 4.75916 -2.48778
vt 0.34375 -0.727125
vn 0.5 0.866025 6.76643e-18
v 1.40568 4.75916 -2.54888
vt 0.404847 -0.727125
vt 0.404847 -0.651808
vt 0.34375 -0.651808
f 1271/2485/396 1272/2486/396 1270/2487/395 1269/2488/395 

v 1.46543 4.71331 -2.48778
vt 0.34375 -0.281307
vn 0.707107 0.707107 8.91706e-18
v 1.46543 4.71331 -2.54888
vt 0.404847 -0.281307
vt 0.404847 -0.20599
vt 0.34375 -0.20599
f 1273/2489/397 1274/2490/397 1272/2491/396 1271/2492/396 

v 1.51128 4.65356 -2.48778
vt 0.34375 0.181114
vn 0.866025 0.5 2.15062e-18
v 1.51128 4.65356 -2.54888
vt 0.404847 0.181114
vt 0.404847 0.256431
vt 0.34375 0.256431
f 1275/2493/398 1276/2494/398 1274/2495/397 1273/2496/397 

v 1.5401 4.58398 -2.48778
vt 0.34375 0.628627
vn 0.965926 0.258819 -3.13579e-18
v 1.5401 4.58398 -2.54888
vt 0.404847 0.628627
vt 0.404847 0.703944
vt 0.34375 0.703944
f 1277/2497/399 1278/2498/399 1276/2499/398 1275/2500/398 

v 1.54993 4.5093 -2.48778
vt 0.34375 1.03073
vn 1 -6.01894e-15 3.63064e-18
v 1.54993 4.5093 -2.54888
vt 0.404847 1.03073
vt 0.404847 1.10605
vt 0.34375 1.10605
f 1279/2501/400 1280/2502/400 1278/2503/399 1277/2504/399 

v 1.5401 4.43463 -2.48778
vt 0.34375 1.36003
vn 0.965926 -0.258819 -6.76643e-18
v 1.5401 4.43463 -2.54888
vt 0.404847 1.36003
vt 0.404847 1.43535
vt 0.34375 1.43535
f 1281/2505/401 1282/2506/401 1280/2507/400 1279/2508/400 

v 1.51128 4.36505 -2.48778
vt 0.34375 1.59408
vn 0.866025 -0.5 2.15062e-18
v 1.51128 4.36505 -2.54888
vt 0.404847 1.59408
vt 0.404847 1.66939
vt 0.34375 1.66939
f 1283/2509/402 1284/2510/402 1282/2511/401 1281/2512/401 

v 1.46543 4.3053 -2.48778
vt 0.34375 1.71692
vn 0.707107 -0.707107 -3.48524e-29
v 1.46543 4.3053 -2.54888
vt 0.404847 1.71692
vt 0.404847 1.79224
vt 0.34375 1.79224
f 1285/2513/403 1286/2514/403 1284/2515/402 1283/2516/402 

v 1.40568 4.25945 -2.48778
vt 0.34375 1.7202
vn 0.5 -0.866025 -8.91706e-18
v 1.40568 4.25945 -2.54888
vt 0.404847 1.7202
vt 0.404847 1.79552
vt 0.34375 1.79552
f 1287/2517/404 1288/2518/404 1286/2519/403 1285/2520/403 

vt 0.34375 1.60368
vn 0.258819 -0.965926 -3.82386e-18
v 1.33609 4.23062 -2.54888
vt 0.404847 1.60368
vt 0.404847 1.679
vt 0.34375 1.679
f 1247/2521/405 1289/2522/405 1288/2523/404 1287/2524/404 

vt 0.34375 1.3753
vn 3.91931e-16 -1 -3.82386e-18
v 1.26142 4.22079 -2.54888
vt 0.404847 1.3753
vt 0.404847 1.45062
vt 0.34375 1.45062
f 1248/2525/406 1290/2526/406 1289/2527/405 1247/2528/405 

vt -0.34375 -1.05064
vn -0.258819 -0.965926 -1.73889e-30
v 1.18675 4.23062 -2.54888
vt -0.404847 -1.05064
vt -0.404847 -1.12596
vt -0.34375 -1.12596
f 1249/2529/407 1291/2530/407 1290/2531/406 1248/2532/406 

vt -0.34375 -0.651808
vn -0.5 -0.866025 2.90523e-15
v 1.11717 4.25945 -2.54888
vt -0.404847 -0.651808
vt -0.404847 -0.727125
vt -0.34375 -0.727125
f 1250/2533/408 1292/2534/408 1291/2535/407 1249/2536/407 

vt -0.34375 -0.20599
vn -0.707107 -0.707107 5.1345e-15
v 1.05741 4.3053 -2.54888
vt -0.404847 -0.20599
vt -0.404847 -0.281307
vt -0.34375 -0.281307
f 1251/2537/409 1293/2538/409 1292/2539/408 1250/2540/408 

vt -0.34375 0.256431
vn -0.866025 -0.5 2.22926e-15
v 1.01156 4.36505 -2.54888
vt -0.404847 0.256431
vt -0.404847 0.181114
vt -0.34375 0.181114
f 1252/2541/410 1294/2542/410 1293/2543/409 1251/2544/409 

vt -0.34375 0.703944
vn -0.965926 -0.258819 -3.63064e-18
v 0.98274 4.43463 -2.54888
vt -0.404847 0.703944
vt -0.404847 0.628627
vt -0.34375 0.628627
f 1253/2545/411 1295/2546/411 1294/2547/410 1252/2548/410 

vt -0.34375 1.10605
vn -1 -3.84932e-15 6.95899e-30
v 0.972909 4.5093 -2.54888
vt -0.404847 1.10605
vt -0.404847 1.03073
vt -0.34375 1.03073
f 1254/2549/412 1296/2550/412 1295/2551/411 1253/2552/411 

vt -0.34375 1.43535
vn -0.965926 0.258819 3.63064e-18
v 0.98274 4.58398 -2.54888
vt -0.404847 1.43535
vt -0.404847 1.36003
vt -0.34375 1.36003
f 1255/2553/413 1297/2554/413 1296/2555/412 1254/2556/412 

vt -0.34375 1.66939
vt -0.404847 1.66939
vt -0.404847 1.59408
vt -0.34375 1.59408
f 1256/2557/391 1264/2558/391 1297/2559/413 1255/2560/413 

vt -0.896637 1.43873
vn 0.205272 -0.118514 -0.971503
v 1.04819 4.63242 -2.53856
vt -0.934638 1.41749
vn 0.171234 -0.098862 -0.980258
v 1.02359 4.57303 -2.53856
vt -0.910653 1.35786
vn 0.190987 -0.0511748 -0.980258
vt -0.868532 1.36885
vn 0.228951 -0.0613474 -0.971503
f 1264/2561/414 1298/2562/415 1299/2563/416 1297/2564/417 

vt -0.960244 1.51957
vn 0.167604 -0.167604 -0.971503
v 1.08732 4.68341 -2.53856
vt -0.991571 1.48934
vn 0.139812 -0.139812 -0.980258
vt -0.953166 1.4378
vt -0.915243 1.45917
f 1263/2565/418 1300/2566/419 1298/2567/415 1264/2568/414 

vt -1.04486 1.57374
vn 0.118514 -0.205272 -0.971503
v 1.13831 4.72254 -2.53856
vt -1.0673 1.53643
vn 0.098862 -0.171234 -0.980258
vt -1.01687 1.49658
vt -0.985763 1.52704
f 1265/2569/420 1301/2570/421 1300/2571/419 1263/2572/418 

vt -1.14356 1.59835
vn 0.0613474 -0.228951 -0.971503
v 1.19769 4.74714 -2.53856
vt -1.15543 1.55646
vn 0.0511748 -0.190987 -0.980258
vt -1.09631 1.53124
vt -1.07429 1.5688
f 1266/2573/422 1302/2574/423 1301/2575/421 1265/2576/420 

vt -1.24777 1.59403
vn -3.69155e-15 -0.237028 -0.971503
v 1.26142 4.75553 -2.53856
vt -1.24811 1.5505
vn -1.97728e-15 -0.197724 -0.980258
vt -1.18441 1.54187
vt -1.17314 1.58391
f 1268/2577/424 1303/2578/425 1302/2579/423 1266/2580/422 

vt -1.3484 1.56472
vn -0.0613474 -0.228951 -0.971503
v 1.32515 4.74714 -2.53856
vt -1.33713 1.52268
vn -0.0511748 -0.190987 -0.980258
vt -1.27344 1.53131
vn -1.97641e-15 -0.197724 -0.980258
vt -1.27377 1.57484
f 1270/2581/426 1304/2582/427 1303/2583/428 1268/2584/424 

vt -1.43744 1.51658
vn -0.118514 -0.205272 -0.971503
v 1.38453 4.72254 -2.53856
vt -1.41542 1.47902
vn -0.098862 -0.171234 -0.980258
vt -1.3563 1.50424
vt -1.36817 1.54613
f 1272/2585/429 1305/2586/430 1304/2587/427 1270/2588/426 

vt -1.50924 1.45618
vn -0.167604 -0.167604 -0.971503
v 1.43553 4.68341 -2.53856
vt -1.47814 1.42572
vn -0.139812 -0.139812 -0.980258
vt -1.4277 1.46558
vt -1.45015 1.50288
f 1274/2589/431 1306/2590/432 1305/2591/430 1272/2592/429 

vt -1.56085 1.38885
vn -0.205272 -0.118514 -0.971503
v 1.47466 4.63242 -2.53856
vt -1.52293 1.36748
vn -0.171234 -0.098862 -0.980258
vt -1.48452 1.41902
vt -1.51585 1.44924
f 1276/2593/433 1307/2594/434 1306/2595/432 1274/2596/431 

vt -1.59153 1.31771
vn -0.228951 -0.0613474 -0.971503
v 1.49925 4.57303 -2.53856
vt -1.54941 1.30671
vn -0.190987 -0.0511748 -0.980258
vt -1.52543 1.36635
vt -1.56343 1.38758
f 1278/2597/435 1308/2598/436 1307/2599/434 1276/2600/433 

vt -1.60173 1.24388
vn -0.237028 9.91009e-16 -0.971503
v 1.50764 4.5093 -2.53856
vt -1.55819 1.24388
vn -0.197724 5.92229e-16 -0.980258
vt -1.55004 1.30764
vt -1.59218 1.31859
f 1280/2601/437 1309/2602/438 1308/2603/436 1278/2604/435 

v 1.49925 4.44558 -2.53856
vt -1.55004 1.17851
vn -0.190987 0.0511748 -0.980258
vt -1.55819 1.24227
vt -1.60173 1.24227
vt -1.59218 1.16756
vn -0.228951 0.0613474 -0.971503
f 1310/2605/439 1309/2606/438 1280/2607/437 1282/2608/440 

vt -1.54277 1.17652
v 1.45776 4.4567 -2.53168
vt -1.50071 1.18764
vn -0.102094 0.0273559 -0.994399
v 1.46469 4.5093 -2.53168
vt -1.50755 1.24026
vn -0.105695 -3.01573e-16 -0.994399
vt -1.55106 1.24026
f 1310/2609/439 1311/2610/441 1312/2611/442 1309/2612/438 

v 1.47466 4.38619 -2.53856
vt -1.51673 1.10795
vn -0.171234 0.098862 -0.980258
v 1.43745 4.40767 -2.53168
vt -1.47892 1.12947
vn -0.0915347 0.0528476 -0.994399
vt -1.49901 1.17859
vt -1.54106 1.16745
f 1313/2613/443 1314/2614/444 1311/2615/441 1310/2616/439 

v 1.43553 4.3352 -2.53856
vt -1.47403 1.04425
vn -0.139812 0.139812 -0.980258
v 1.40515 4.36558 -2.53168
vt -1.44302 1.07477
vn -0.0747377 0.0747377 -0.994399
vt -1.47506 1.11707
vt -1.51284 1.09549
f 1315/2617/445 1316/2618/446 1314/2619/444 1313/2620/443 

v 1.38453 4.29607 -2.53856
vt -1.41649 0.989639
vn -0.098862 0.171234 -0.980258
v 1.36305 4.33327 -2.53168
vt -1.39444 1.02714
vn -0.0528476 0.0915347 -0.994399
vt -1.43634 1.05971
vt -1.46724 1.02909
f 1317/2621/447 1318/2622/448 1316/2623/446 1315/2624/445 

v 1.32515 4.27147 -2.53856
vt -1.34696 0.948912
vn -0.0511748 0.190987 -0.980258
v 1.31403 4.31297 -2.53168
vt -1.33544 0.990864
vn -0.0273559 0.102094 -0.994399
vt -1.38437 1.01139
vt -1.40623 0.973781
f 1319/2625/449 1320/2626/450 1318/2627/448 1317/2628/447 

v 1.26142 4.26308 -2.53856
vt -1.26946 0.926767
vn -4.88024e-16 0.197724 -0.980258
v 1.26142 4.30604 -2.53168
vt -1.26931 0.970273
vn -3.10852e-16 0.105695 -0.994399
vt -1.32191 0.977287
vt -1.33317 0.935264
f 1321/2629/451 1322/2630/452 1320/2631/450 1319/2632/449 

v 1.20881 4.31297 -2.53168
vt -1.20037 0.968882
vn 0.0273559 0.102094 -0.994399
vt -1.25297 0.961868
vt -1.25283 0.918362
v 1.19769 4.27147 -2.53856
vt -1.18911 0.926859
vn 0.0511748 0.190987 -0.980258
f 1323/2633/453 1322/2634/452 1321/2635/451 1324/2636/454 

vt -1.20881 1.04734
vt -1.31403 1.04734
vt -1.26142 1.04042
f 1323/2637/453 1320/2638/450 1322/2639/452

v 1.15979 4.33327 -2.53168
vt -1.15979 1.06765
vn 0.0528476 0.0915347 -0.994399
f 1320/2638/450 1323/2637/453 1325/2640/455

vt -1.13367 0.98847
vt -1.1826 0.96794
vt -1.17108 0.925987
v 1.13831 4.29607 -2.53856
vt -1.11181 0.950856
vn 0.098862 0.171234 -0.980258
f 1325/2641/455 1323/2642/453 1324/2643/454 1326/2644/456 

vt -1.09631 0.894743
vt -1.15543 0.869523
vt -1.14356 0.82764
vn 0.0613474 0.228951 -0.971503
vt -1.07429 0.857192
vn 0.118514 0.205272 -0.971503
f 1326/2645/456 1324/2646/454 1291/2647/457 1292/2648/458 

vt -1.18441 0.874682
vt -1.24811 0.866046
vt -1.24777 0.822516
vn -5.10257e-16 0.237028 -0.971503
vt -1.17314 0.832635
f 1324/2649/454 1321/2650/451 1290/2651/459 1291/2652/457 

vt -1.27344 0.885235
vt -1.33713 0.89387
vt -1.3484 0.851824
vn -0.0613474 0.228951 -0.971503
vt -1.27377 0.841705
f 1321/2653/451 1319/2654/449 1289/2655/460 1290/2656/459 

vt -1.3563 0.921743
vt -1.41542 0.946963
vt -1.43744 0.909412
vn -0.118514 0.205272 -0.971503
vt -1.36817 0.87986
f 1319/2657/449 1317/2658/447 1288/2659/461 1289/2660/460 

vt -1.4277 0.976678
vt -1.47814 1.01653
vt -1.50924 0.986073
vn -0.167604 0.167604 -0.971503
vt -1.45015 0.939376
f 1317/2661/447 1315/2662/445 1286/2663/462 1288/2664/461 

vt -1.48452 1.04188
vt -1.52293 1.09343
vt -1.56085 1.07205
vn -0.205272 0.118514 -0.971503
vt -1.51585 1.01166
f 1315/2665/445 1313/2666/443 1284/2667/463 1286/2668/462 

vt -1.52543 1.11059
vt -1.54941 1.17022
vt -1.59153 1.15923
vt -1.56343 1.08936
f 1313/2669/443 1310/2670/439 1282/2671/440 1284/2672/463 

v 1.08732 4.3352 -2.53856
vt -1.01687 0.945671
vn 0.139812 0.139812 -0.980258
vt -1.0673 0.905819
vt -1.04486 0.868518
vt -0.985763 0.915215
vn 0.167604 0.167604 -0.971503
f 1327/2673/464 1326/2674/456 1292/2675/458 1293/2676/465 

v 1.11769 4.36558 -2.53168
vt -1.0744 1.02848
vn 0.0747377 0.0747377 -0.994399
vt -1.11629 0.995919
vt -1.09425 0.958414
vt -1.0435 0.99786
f 1328/2677/466 1325/2678/455 1326/2679/456 1327/2680/464 

vt -1.36305 1.06765
vt -1.11769 1.09995
f 1318/2681/448 1325/2640/455 1328/2682/466

f 1320/2638/450 1325/2640/455 1318/2681/448

v 1.26142 4.3557 -2.53168
vt -1.26142 1.09007
vn 4.67605e-30 -1.27012e-15 -1
f 1318/2681/448 1328/2682/466 1329/2683/467

v 1.22167 4.36093 -2.53168
vt -1.22167 1.09531
f 1329/2683/467 1328/2682/466 1330/2684/467

v 1.18462 4.37628 -2.53168
vt -1.18462 1.11065
f 1330/2684/467 1328/2682/466 1331/2685/467

v 1.08539 4.40767 -2.53168
vt -1.08539 1.14205
vn 0.0915347 0.0528476 -0.994399
f 1331/2685/467 1328/2682/466 1332/2686/468

vt -1.02732 1.08595
vt -1.05936 1.04365
vt -1.02836 1.01313
v 1.04819 4.38619 -2.53856
vt -0.989546 1.06436
vn 0.171234 0.098862 -0.980258
f 1332/2687/468 1328/2688/466 1327/2689/464 1333/2690/469 

vt -0.953166 1.0231
vt -0.991571 0.971562
vt -0.960244 0.941336
vt -0.915243 1.00173
vn 0.205272 0.118514 -0.971503
f 1333/2691/469 1327/2692/464 1293/2693/465 1294/2694/470 

v 1.02359 4.44558 -2.53856
vt -0.910653 1.11908
vn 0.190987 0.0511748 -0.980258
vt -0.934638 1.05944
vt -0.896637 1.03821
vt -0.868532 1.10809
vn 0.228951 0.0613474 -0.971503
f 1334/2695/471 1333/2696/469 1294/2697/470 1295/2698/472 

v 1.06508 4.4567 -2.53168
vt -0.996213 1.15587
vn 0.102094 0.0273559 -0.994399
vt -1.0163 1.10675
vt -0.978486 1.08523
vt -0.954158 1.14473
f 1335/2699/473 1332/2700/468 1333/2701/469 1334/2702/471 

v 1.12839 4.4325 -2.53168
vt -1.12839 1.16688
vt -1.06508 1.19107
f 1336/2703/467 1332/2686/468 1335/2704/473

v 1.1528 4.40069 -2.53168
vt -1.1528 1.13506
f 1337/2705/467 1332/2686/468 1336/2703/467

f 1331/2685/467 1332/2686/468 1337/2705/467

usemtl MAC_PRO_3
v 1.18462 4.64233 -2.53168
vt -1.18462 1.37671
v 1.2021 4.64958 -2.53168
vt -1.2021 1.38395
v 1.2021 4.61205 -2.53168
vt -1.2021 1.34642
v 1.17753 4.59319 -2.53168
vt -1.17753 1.32757
v 1.15868 4.56862 -2.53168
vt -1.15868 1.303
v 1.14683 4.54001 -2.53168
vt -1.14683 1.27439
v 1.14279 4.5093 -2.53168
vt -1.14279 1.24368
v 1.14683 4.4786 -2.53168
vt -1.14683 1.21297
v 1.15868 4.44999 -2.53168
vt -1.15868 1.18436
v 1.17753 4.42542 -2.53168
vt -1.17753 1.15979
v 1.2021 4.40656 -2.53168
vt -1.2021 1.14094
v 1.23072 4.39471 -2.53168
vt -1.23072 1.12909
v 1.26142 4.39067 -2.53168
vt -1.26142 1.12504
v 1.29213 4.39471 -2.53168
vt -1.29213 1.12909
v 1.32074 4.40656 -2.53168
vt -1.32074 1.14094
v 1.34531 4.42542 -2.53168
vt -1.34531 1.15979
v 1.36416 4.44999 -2.53168
vt -1.36416 1.18436
v 1.37602 4.4786 -2.53168
vt -1.37602 1.21297
v 1.38006 4.5093 -2.53168
vt -1.38006 1.24368
v 1.37602 4.54001 -2.53168
vt -1.37602 1.27439
v 1.36416 4.56862 -2.53168
vt -1.36416 1.303
v 1.34531 4.59319 -2.53168
vt -1.34531 1.32757
v 1.32074 4.61205 -2.53168
vt -1.32074 1.34642
v 1.32074 4.64958 -2.53168
vt -1.32074 1.38395
v 1.33823 4.64233 -2.53168
vt -1.33823 1.37671
v 1.37004 4.61792 -2.53168
vt -1.37004 1.3523
v 1.39445 4.58611 -2.53168
vt -1.39445 1.32048
v 1.4098 4.54906 -2.53168
vt -1.4098 1.28344
v 1.41503 4.5093 -2.53168
vt -1.41503 1.24368
v 1.4098 4.46955 -2.53168
vt -1.4098 1.20392
v 1.39445 4.4325 -2.53168
vt -1.39445 1.16688
v 1.37004 4.40069 -2.53168
vt -1.37004 1.13506
v 1.33823 4.37628 -2.53168
vt -1.33823 1.11065
v 1.30118 4.36093 -2.53168
vt -1.30118 1.09531
v 1.11305 4.46955 -2.53168
vt -1.11305 1.20392
v 1.10781 4.5093 -2.53168
vt -1.10781 1.24368
v 1.11305 4.54906 -2.53168
vt -1.11305 1.28344
v 1.12839 4.58611 -2.53168
vt -1.12839 1.32048
v 1.1528 4.61792 -2.53168
vt -1.1528 1.3523
f 1338/2706/467 1339/2707/467 1340/2708/467 1341/2709/467 1342/2710/467 1343/2711/467 1344/2712/467 1345/2713/467 1346/2714/467 1347/2715/467 1348/2716/467 1349/2717/467 1350/2718/467 1351/2719/467 1352/2720/467 1353/2721/467 1354/2722/467 1355/2723/467 1356/2724/467 1357/2725/467 1358/2726/467 1359/2727/467 1360/2728/467 1361/2729/467 1362/2730/467 1363/2731/467 1364/2732/467 1365/2733/467 1366/2734/467 1367/2735/467 1368/2736/467 1369/2737/467 1370/2738/467 1371/2739/467 1329/2683/467 1330/2684/467 1331/2685/467 1337/2705/467 1336/2703/467 1372/2740/467 1373/2741/467 1374/2742/467 1375/2743/467 1376/2744/467 

usemtl Material13
v 1.11769 4.65303 -2.53168
vt -1.11769 1.38741
vn 0.0747377 -0.0747377 -0.994399
f 1338/2706/467 1377/2745/474 1339/2707/467

f 1376/2744/467 1377/2745/474 1338/2706/467

v 1.08539 4.61094 -2.53168
vt -1.08539 1.34531
vn 0.0915347 -0.0528476 -0.994399
f 1376/2744/467 1378/2746/475 1377/2745/474

f 1375/2743/467 1378/2746/475 1376/2744/467

v 1.06508 4.56191 -2.53168
vt -1.06508 1.29629
vn 0.102094 -0.0273559 -0.994399
f 1375/2743/467 1379/2747/476 1378/2746/475

f 1374/2742/467 1379/2747/476 1375/2743/467

f 1373/2741/467 1379/2747/476 1374/2742/467

v 1.05816 4.5093 -2.53168
vt -1.05816 1.24368
vn 0.105695 2.69747e-16 -0.994399
f 1373/2741/467 1380/2748/477 1379/2747/476

f 1372/2740/467 1380/2748/477 1373/2741/467

f 1372/2740/467 1335/2704/473 1380/2748/477

f 1336/2703/467 1335/2704/473 1372/2740/467

vt -0.983557 1.23196
vn 0.105695 2.70256e-16 -0.994399
vt -0.990396 1.17934
vt -0.948335 1.16822
v 1.0152 4.5093 -2.53856
vt -0.940051 1.23196
vn 0.197724 1.07938e-15 -0.980258
f 1380/2749/478 1335/2750/473 1334/2751/471 1381/2752/479 

vt -0.892755 1.22361
vt -0.900906 1.15986
vt -0.858774 1.14891
vt -0.849224 1.22361
vn 0.237028 1.10903e-15 -0.971503
f 1381/2753/479 1334/2754/471 1295/2755/472 1296/2756/480 

vt -0.858774 1.33724
vt -0.900906 1.32629
vt -0.892755 1.26253
vt -0.849224 1.26253
f 1297/2757/417 1299/2758/416 1381/2759/479 1296/2760/480 

vt -0.990396 1.30748
vt -0.983557 1.25486
vt -0.940051 1.25486
vt -0.948335 1.3186
f 1379/2761/476 1380/2762/478 1381/2763/479 1299/2764/416 

vt -1.0163 1.37597
vt -0.996213 1.32686
vt -0.954158 1.338
vt -0.978486 1.39749
f 1378/2765/475 1379/2766/476 1299/2767/416 1298/2768/415 

vt -1.05936 1.43197
vt -1.02732 1.38967
vt -0.989546 1.41125
vt -1.02836 1.46249
f 1377/2769/474 1378/2770/475 1298/2771/415 1300/2772/419 

v 1.15979 4.68534 -2.53168
vt -1.11629 1.47146
vn 0.0528476 -0.0915347 -0.994399
vt -1.0744 1.4389
vt -1.0435 1.46952
vt -1.09425 1.50897
f 1382/2773/481 1377/2774/474 1300/2775/419 1301/2776/421 

v 1.24607 4.69471 -2.53168
vt -1.24607 1.42908
vn 4.22055e-30 -2.25834e-15 -1
vt -1.15979 1.41971
f 1383/2777/482 1377/2745/474 1382/2778/481

f 1383/2777/482 1339/2707/467 1377/2745/474

f 1383/2777/482 1340/2708/467 1339/2707/467

v 1.24607 4.55713 -2.53168
vt -1.24607 1.29151
f 1384/2779/482 1340/2708/467 1383/2777/482

f 1384/2779/482 1342/2710/467 1340/2708/467

f 1357/2725/467 1342/2710/467 1384/2779/482

f 1357/2725/467 1343/2711/467 1342/2710/467

f 1356/2724/467 1343/2711/467 1357/2725/467

f 1356/2724/467 1344/2712/467 1343/2711/467

f 1356/2724/467 1345/2713/467 1344/2712/467

f 1355/2723/467 1345/2713/467 1356/2724/467

f 1355/2723/467 1346/2714/467 1345/2713/467

f 1354/2722/467 1346/2714/467 1355/2723/467

f 1353/2721/467 1346/2714/467 1354/2722/467

f 1353/2721/467 1347/2715/467 1346/2714/467

f 1353/2721/467 1348/2716/467 1347/2715/467

f 1352/2720/467 1348/2716/467 1353/2721/467

f 1352/2720/467 1349/2717/467 1348/2716/467

f 1351/2719/467 1349/2717/467 1352/2720/467

f 1349/2717/467 1351/2719/467 1350/2718/467

v 1.28046 4.55713 -2.53168
vt -1.28046 1.29151
f 1385/2780/482 1357/2725/467 1384/2779/482

f 1357/2725/467 1385/2780/482 1358/2726/467

f 1358/2726/467 1385/2780/482 1360/2728/467

v 1.28046 4.69471 -2.53168
vt -1.28046 1.42908
f 1360/2728/467 1385/2780/482 1386/2781/482

usemtl MAC_PRO_3
f 1384/2779/482 1383/2777/482 1386/2781/482 1385/2780/482 

usemtl Material13
v 1.20881 4.70564 -2.53168
vt -1.20881 1.44002
vn 0.0273559 -0.102094 -0.994399
f 1383/2777/482 1387/2782/483 1386/2781/482

f 1383/2777/482 1382/2778/481 1387/2782/483

vt -1.1826 1.49229
vt -1.13367 1.47176
vt -1.11181 1.50937
vt -1.17108 1.53424
f 1387/2783/483 1382/2784/481 1301/2785/421 1302/2786/423 

v 1.26142 4.71257 -2.53168
vt -1.25297 1.49422
vn -1.73984e-16 -0.105695 -0.994399
vt -1.20037 1.4872
vt -1.18911 1.52923
vt -1.25283 1.53772
f 1388/2787/484 1387/2788/483 1302/2789/423 1303/2790/425 

v 1.31403 4.70564 -2.53168
vt -1.31403 1.44002
vn -0.0273559 -0.102094 -0.994399
vt -1.26142 1.44694
f 1389/2791/485 1387/2782/483 1388/2792/484

f 1389/2791/485 1386/2781/482 1387/2782/483

v 1.36305 4.68534 -2.53168
vt -1.36305 1.41971
vn -0.0528476 -0.0915347 -0.994399
f 1390/2793/486 1386/2781/482 1389/2791/485

v 1.40515 4.65303 -2.53168
vt -1.40515 1.38741
vn -0.0747377 -0.0747377 -0.994399
f 1391/2794/487 1386/2781/482 1390/2793/486

f 1361/2729/467 1386/2781/482 1391/2794/487

f 1360/2728/467 1386/2781/482 1361/2729/467

f 1391/2794/487 1362/2730/467 1361/2729/467

f 1391/2794/487 1363/2731/467 1362/2730/467

v 1.43745 4.61094 -2.53168
vt -1.43745 1.34531
vn -0.0915347 -0.0528476 -0.994399
f 1392/2795/488 1363/2731/467 1391/2794/487

f 1392/2795/488 1364/2732/467 1363/2731/467

v 1.45776 4.56191 -2.53168
vt -1.45776 1.29629
vn -0.102094 -0.0273559 -0.994399
f 1393/2796/489 1364/2732/467 1392/2795/488

f 1393/2796/489 1365/2733/467 1364/2732/467

f 1393/2796/489 1366/2734/467 1365/2733/467

vt -1.46469 1.24368
vn -0.105695 -3.02082e-16 -0.994399
f 1312/2797/490 1366/2734/467 1393/2796/489

f 1312/2797/490 1367/2735/467 1366/2734/467

vt -1.45776 1.19107
f 1311/2798/441 1367/2735/467 1312/2797/490

f 1311/2798/441 1368/2736/467 1367/2735/467

vt -1.43745 1.14205
f 1314/2799/444 1368/2736/467 1311/2798/441

f 1314/2799/444 1369/2737/467 1368/2736/467

f 1314/2799/444 1370/2738/467 1369/2737/467

vt -1.40515 1.09995
f 1316/2800/446 1370/2738/467 1314/2799/444

f 1316/2800/446 1371/2739/467 1370/2738/467

f 1316/2800/446 1329/2683/467 1371/2739/467

f 1329/2683/467 1316/2800/446 1318/2681/448

vt -1.55106 1.24656
vt -1.50755 1.24656
vt -1.50071 1.29918
vt -1.54277 1.3103
f 1309/2801/438 1312/2802/442 1393/2803/489 1308/2804/436 

vt -1.54106 1.31528
vt -1.49901 1.30414
vt -1.47892 1.35325
vt -1.51673 1.37477
f 1308/2805/436 1393/2806/489 1392/2807/488 1307/2808/434 

vt -1.51284 1.38013
vt -1.47506 1.35855
vt -1.44302 1.40085
vt -1.47403 1.43137
f 1307/2809/434 1392/2810/488 1391/2811/487 1306/2812/432 

vt -1.46724 1.4383
vt -1.43634 1.40767
vt -1.39444 1.44024
vt -1.41649 1.47774
f 1306/2813/432 1391/2814/487 1390/2815/486 1305/2816/430 

vt -1.40623 1.48645
vt -1.38437 1.44883
vt -1.33544 1.46936
vt -1.34696 1.51131
f 1305/2817/430 1390/2818/486 1389/2819/485 1304/2820/427 

vt -1.33317 1.52082
vt -1.32191 1.4788
vt -1.26931 1.48581
vt -1.26946 1.52932
f 1304/2821/427 1389/2822/485 1388/2823/484 1303/2824/428 

f 1358/2726/467 1360/2728/467 1359/2727/467

f 1340/2708/467 1342/2710/467 1341/2709/467

usemtl _auto_3
vt -1.40568 0.99382
f 1246/2431/386 1247/2436/386 1287/2825/386

v 1.4803 4.29042 -2.48778
f 1246/2431/386 1287/2825/386 1394/2429/386

vt -1.46543 1.03967
f 1394/2429/386 1287/2825/386 1285/2826/386

v 1.52949 4.35453 -2.48778
f 1394/2429/386 1285/2826/386 1395/2427/386

vt -1.51128 1.09942
f 1395/2427/386 1285/2826/386 1283/2827/386

v 1.56042 4.42919 -2.48778
f 1395/2427/386 1283/2827/386 1396/2424/386

vt -1.5401 1.16901
f 1396/2424/386 1283/2827/386 1281/2828/386

v 1.57097 4.5093 -2.48778
f 1396/2424/386 1281/2828/386 1397/2422/386

vt -1.54993 1.24368
f 1397/2422/386 1281/2828/386 1279/2829/386

vt -1.5401 1.31835
f 1397/2422/386 1279/2829/386 1277/2830/386

v 1.56042 4.58942 -2.48778
f 1397/2422/386 1277/2830/386 1398/2420/386

vt -1.51128 1.38794
f 1398/2420/386 1277/2830/386 1275/2831/386

f 1398/2420/386 1275/2831/386 1239/2416/386

vt -1.46543 1.44769
f 1239/2416/386 1275/2831/386 1273/2832/386

f 1239/2416/386 1273/2832/386 1237/2189/386

vt -1.40568 1.49354
f 1237/2189/386 1273/2832/386 1271/2833/386

f 1237/2189/386 1271/2833/386 1236/2188/386

vt -1.33609 1.52236
f 1236/2188/386 1271/2833/386 1269/2834/386

f 1236/2188/386 1269/2834/386 1235/2187/386

vt -1.26142 1.53219
f 1235/2187/386 1269/2834/386 1267/2835/386

f 1235/2187/386 1267/2835/386 1234/2395/386

f 1260/2462/386 1234/2395/386 1267/2835/386

f 1235/2187/386 1234/2395/386 1233/2186/386

vt -0.40625 0.706689
vt -0.40625 0.625882
vn -0.965926 -0.258819 2.87347e-17
vt -0.34375 0.625882
vt -0.34375 0.706689
f 1238/2836/384 1240/2837/491 1398/2838/491 1239/2839/384 

vt -0.40625 1.10879
vt -0.40625 1.02799
vn -1 6.2429e-15 -6.93101e-31
vt -0.34375 1.02799
vt -0.34375 1.10879
f 1240/2840/491 1241/2841/492 1397/2842/492 1398/2843/491 

vt -0.40625 1.43809
vt -0.40625 1.35729
vn -0.965926 0.258819 -2.87347e-17
vt -0.34375 1.35729
vt -0.34375 1.43809
f 1241/2844/492 1242/2845/493 1396/2846/493 1397/2847/492 

vt -0.40625 1.67214
vt -0.40625 1.59133
vn -0.866025 0.5 -5.55112e-17
vt -0.34375 1.59133
vt -0.34375 1.67214
f 1242/2848/493 1243/2849/494 1395/2850/494 1396/2851/493 

vt -0.40625 1.79499
vt -0.40625 1.71418
vn -0.707107 0.707107 -7.85046e-17
vt -0.34375 1.71418
vt -0.34375 1.79499
f 1243/2852/494 1244/2853/495 1394/2854/495 1395/2855/494 

vt -0.40625 1.79826
vt -0.40625 1.71745
vt -0.34375 1.71745
vt -0.34375 1.79826
f 1244/2856/495 1245/2857/385 1246/2858/385 1394/2859/495 

usemtl _auto_6
vt 0.40625 -1.50178
vt 0.304245 -1.50178
v 16.3955 4.12226 -2.44828
vt 0.304245 -1.51254
vt 0.40625 -1.51254
f 967/2860/357 1188/2861/357 1399/2862/306 1215/2863/306 

usemtl _auto_5
f 946/2281/313 1399/2352/313 1188/2226/313

v 16.4001 4.11233 -2.44828
f 946/2281/313 1400/2351/313 1399/2352/313

f 948/2283/313 1400/2351/313 946/2281/313

f 950/2285/313 1400/2351/313 948/2283/313

v 16.4073 4.1038 -2.44828
f 950/2285/313 1401/2350/313 1400/2351/313

f 952/2287/313 1401/2350/313 950/2285/313

v 16.4167 4.09726 -2.44828
f 952/2287/313 1402/2349/313 1401/2350/313

f 1213/2289/313 1402/2349/313 952/2287/313

f 1213/2289/313 1214/2348/313 1402/2349/313

f 1214/2348/313 1213/2289/313 956/2156/313

v 16.4395 4.09174 -2.38529
vt -0.241253 16.4217
vn 1.32771e-16 1 -3.82857e-16
v 16.4512 4.09315 -2.38529
vt -0.241253 16.4336
f 1403/2864/496 1404/2865/336 1213/2343/336 956/2342/496 

vt 16.4512 0.827522
vt 16.4277 0.827522
vt 16.4395 0.826119
f 1404/2866/280 1006/2867/280 1403/2868/280

v 16.4167 4.09726 -2.38529
vt 16.4167 0.831635
f 1006/2867/280 1404/2866/280 1405/2869/280

vt 16.4622 0.831635
f 1405/2869/280 1404/2866/280 1005/2870/280

vt -0.241253 15.695
vt -0.241253 15.7067
vt -0.304245 15.7067
vt -0.304245 15.695
f 1404/2871/336 1005/2872/333 952/2873/333 1213/2874/336 

vt -0.241253 13.996
vt -0.241253 14.0074
vt -0.304245 14.0074
vt -0.304245 13.996
f 1005/2875/333 999/2876/330 950/2877/330 952/2878/333 

v 16.4073 4.1038 -2.38529
vt 16.4073 0.838177
vt 16.4716 0.838177
f 1406/2879/280 1005/2870/280 999/2880/280

f 1405/2869/280 1005/2870/280 1406/2879/280

vt 0.241253 -12.9984
vt 0.241253 -13.0099
vt 0.304245 -13.0099
vt 0.304245 -12.9984
f 1406/2881/328 1405/2882/329 1402/2883/329 1401/2884/328 

vt 0.241253 -15.0803
vt 0.241253 -15.092
vt 0.304245 -15.092
vt 0.304245 -15.0803
f 1405/2885/329 1006/2886/334 1214/2887/334 1402/2888/329 

vt 0.241253 -16.2144
vt 0.241253 -16.2263
f 1006/2889/334 1403/2890/496 956/2347/496 1214/2346/334 

usemtl _auto_6
vt 0.40625 -15.092
vt 0.40625 -15.0803
f 957/2891/302 959/2892/303 1402/2888/303 1214/2887/302 

vt 0.40625 -13.0099
vt 0.40625 -12.9984
f 959/2893/303 961/2894/304 1401/2884/304 1402/2883/303 

vt 0.40625 -9.96025
vt 0.304245 -9.96025
vt 0.304245 -9.97143
vt 0.40625 -9.97143
f 963/2895/305 1400/2896/305 1401/2897/304 961/2898/304 

vt 0.40625 -6.04449
vt 0.304245 -6.04449
vt 0.304245 -6.05541
vt 0.40625 -6.05541
f 1215/2899/306 1399/2900/306 1400/2901/305 963/2902/305 

usemtl _auto_5
v 16.3955 4.12226 -2.38529
vt 0.241253 -6.04449
v 16.4001 4.11233 -2.38529
vt 0.241253 -6.05541
f 1407/2903/306 1408/2904/323 1400/2901/323 1399/2900/306 

vt 16.4001 0.846704
vt 16.4834 0.856633
vt 16.3955 0.856633
f 1408/2905/280 994/2906/280 1407/2907/280

vt 16.4789 0.846704
f 1408/2905/280 996/2908/280 994/2906/280

f 1408/2905/280 999/2880/280 996/2908/280

f 1406/2879/280 999/2880/280 1408/2905/280

vt 0.241253 -9.96025
vt 0.241253 -9.97143
f 1408/2909/323 1406/2910/328 1401/2897/328 1400/2896/323 

vt -0.241253 11.2916
vt -0.241253 11.3028
vt -0.304245 11.3028
vt -0.304245 11.2916
f 999/2911/330 996/2912/327 948/2913/327 950/2914/330 

vt -0.241253 7.628
vt -0.241253 7.63892
vt -0.304245 7.63892
vt -0.304245 7.628
f 996/2915/327 994/2916/326 946/2917/326 948/2918/327 

vt -0.241253 3.22061
vt -0.241253 3.23137
vt -0.304245 3.23137
vt -0.304245 3.22061
f 994/2919/326 995/2920/324 944/2921/324 946/2922/326 

v 16.4483 4.13047 -2.38529
vt 16.4483 0.864848
vt 16.485 0.867288
f 1409/2923/280 994/2906/280 995/2924/280

vt 16.4244 0.864848
f 994/2906/280 1409/2923/280 984/2925/280

vt -16.4483 0.241253
vt -16.4244 0.241253
v 16.4244 4.13047 -2.44828
vt -16.4244 0.304245
v 16.4483 4.13047 -2.44828
vt -16.4483 0.304245
f 1409/2926/322 984/2927/322 1410/2928/322 1411/2929/322 

vt -0.241253 0.864848
vt -0.241253 1.10575
vt -0.304245 1.10575
vt -0.304245 0.864848
f 984/2930/332 985/2931/332 1000/2932/332 1410/2933/332 

v 16.394 4.13291 -2.38529
vt 16.394 0.867288
vt 16.4244 1.10575
f 1412/2934/280 984/2925/280 985/2935/280

f 1412/2934/280 994/2906/280 984/2925/280

f 1407/2907/280 994/2906/280 1412/2934/280

vt 0.241253 -1.50178
vt 0.241253 -1.51254
f 1412/2936/320 1407/2937/306 1399/2862/306 1188/2861/320 

v 16.3937 4.36855 -2.38529
vt 0.241253 1.08544
vt 0.241253 0.849802
f 1413/2938/319 1412/2939/320 1188/2229/320 1187/2228/319 

vt 16.3937 1.10293
f 1412/2934/280 985/2935/280 1413/2940/280

v 16.3953 4.37927 -2.38529
vt 16.3953 1.11364
f 1413/2940/280 985/2935/280 1414/2941/280

vt 16.4483 1.10575
f 1414/2941/280 985/2935/280 986/2942/280

vt 16.4244 0.241253
vt 16.4483 0.241253
vt 16.4483 0.304245
vt 16.4244 0.304245
f 985/2943/331 986/2944/331 990/2945/331 1000/2946/331 

vt 0.241253 1.10575
vt 0.241253 0.864848
vt 0.304245 0.864848
vt 0.304245 1.10575
f 986/2947/321 1409/2948/321 1411/2949/321 990/2950/321 

f 1409/2923/280 995/2924/280 986/2942/280

vt 16.4852 1.10293
f 986/2942/280 995/2924/280 987/2951/280

vt -0.241253 0.88487
vt -0.241253 1.12051
vt -0.304245 1.12051
vt -0.304245 0.88487
f 995/2952/324 987/2953/325 942/2954/325 944/2955/324 

vt -0.241253 -1.28172
vt -0.241253 -1.2709
vt -0.304245 -1.2709
vt -0.304245 -1.28172
f 987/2956/325 981/2957/318 940/2958/318 942/2959/325 

vt 16.4837 1.11364
f 986/2942/280 987/2951/280 981/2960/280

f 1414/2941/280 986/2942/280 981/2960/280

vt 16.4791 1.12363
f 1414/2941/280 981/2960/280 980/2961/280

vt -0.241253 -5.84746
vt -0.241253 -5.83648
vt -0.304245 -5.83648
vt -0.304245 -5.84746
f 981/2962/318 980/2963/317 938/2964/317 940/2965/318 

vt -0.241253 -9.8001
v 16.4718 4.39782 -2.38529
vt -0.241253 -9.78886
f 980/2966/317 1415/2967/314 936/2267/314 938/2270/317 

v 16.3999 4.38925 -2.38529
vt 16.3999 1.12363
vt 16.4718 1.1322
f 1416/2968/280 980/2961/280 1415/2969/280

f 1414/2941/280 980/2961/280 1416/2968/280

vt 0.241253 7.84691
vt 0.241253 7.83593
f 1416/2970/315 1414/2971/316 972/2237/316 974/2236/315 

vt 0.241253 3.46226
vt 0.241253 3.45143
f 1414/2972/316 1413/2973/319 1187/2233/319 972/2232/316 

vt -16.4244 1.10575
f 1000/2974/313 1187/2219/313 972/2218/313

f 1000/2974/313 1188/2226/313 1187/2219/313

vt -16.4244 0.864848
f 1410/2975/313 1188/2226/313 1000/2974/313

f 946/2281/313 1188/2226/313 1410/2975/313

vt -16.4483 0.864848
f 1411/2976/313 946/2281/313 1410/2975/313

f 946/2281/313 1411/2976/313 944/2279/313

vt -16.4483 1.10575
f 944/2279/313 1411/2976/313 990/2977/313

usemtl FrontColor
vt 0.378227 1.10575
vt 0.378227 0.864848
f 1001/2978/321 990/2950/321 1411/2949/321 1003/2979/321 

vt 16.4483 0.378227
vt 16.4244 0.378227
f 1001/2980/331 1002/2981/331 1000/2946/331 990/2945/331 

f 1001/2977/313 1003/2976/313 1004/2975/313 1002/2974/313 

vt -16.4483 0.378227
vt -16.4244 0.378227
f 1003/2982/322 1411/2929/322 1410/2928/322 1004/2983/322 

vt -0.378227 1.10575
vt -0.378227 0.864848
f 1000/2932/332 1002/2984/332 1004/2985/332 1410/2933/332 

usemtl _auto_5
f 1000/2974/313 972/2218/313 990/2977/313

f 940/2275/313 990/2977/313 972/2218/313

f 942/2277/313 990/2977/313 940/2275/313

f 944/2279/313 990/2977/313 942/2277/313

usemtl _auto_6
vn -0.997431 -0.0716348 2.90937e-15
vt -0.40625 1.12051
vt -0.40625 0.88487
vn -0.997354 0.0726984 2.82627e-15
f 942/2954/497 941/2986/497 943/2987/498 944/2955/498 

vn -0.959141 -0.282929 -0
vt -0.40625 -1.2709
vt -0.40625 -1.28172
f 940/2958/499 939/2988/499 941/2989/497 942/2959/497 

vt -0.40625 -5.83648
vt -0.40625 -5.84746
f 938/2964/367 937/2990/367 939/2991/499 940/2965/499 

usemtl _auto_5
f 940/2275/313 974/2217/313 938/2272/313

f 940/2275/313 972/2218/313 974/2217/313

f 938/2272/313 974/2217/313 926/2216/313

vt 0.241253 11.4742
vt 0.241253 11.4629
f 925/2992/283 1416/2993/315 974/2241/315 926/2240/283 

vt 16.4071 1.1322
f 1416/2968/280 1415/2969/280 925/2994/280

vt 16.4166 1.13878
f 925/2994/280 1415/2969/280 922/2995/280

v 16.4623 4.4044 -2.38529
vt 16.4623 1.13878
f 922/2995/280 1415/2969/280 1417/2996/280

vt -0.241253 -12.8837
vt -0.241253 -12.8722
f 1415/2997/314 1417/2998/284 929/2265/284 936/2264/314 

vt -0.241253 -15.0151
vt -0.241253 -15.0034
f 1417/2999/284 920/3000/285 928/2261/285 929/2260/284 

v 16.4276 4.40854 -2.38529
vt 16.4276 1.14291
vt 16.4513 1.14291
f 1418/3001/280 1417/2996/280 920/3002/280

f 922/2995/280 1417/2996/280 1418/3001/280

vt 0.241253 15.7835
vt 0.241253 15.7718
f 1418/3003/281 922/3004/282 923/2249/282 924/2248/281 

vt 0.241253 14.1337
vt 0.241253 14.1222
f 922/3005/282 925/3006/283 926/2245/283 923/2244/282 

f 936/2273/313 926/2216/313 923/2215/313

f 938/2272/313 926/2216/313 936/2273/313

vt -16.4623 1.13878
f 936/2273/313 923/2215/313 929/3007/313

f 929/3007/313 923/2215/313 924/2214/313

vt -16.4513 1.14291
f 929/3007/313 924/2214/313 928/3008/313

f 928/3008/313 924/2214/313 1189/2213/313

vt 0.241253 16.4594
vn 3.41712e-15 -1 3.82857e-16
vt 0.241253 16.4475
f 921/3009/500 1418/3010/281 924/2253/281 1189/2252/500 

vt 16.4395 1.14432
f 1418/3001/280 920/3002/280 921/3011/280

vt -0.241253 -16.2006
vt -0.241253 -16.1886
f 920/3012/285 921/3013/500 1189/2257/500 928/2256/285 

usemtl _auto_6
vt -0.40625 3.23137
vt -0.40625 3.22061
f 944/2921/498 943/3014/498 945/3015/296 946/2922/296 

vt -0.40625 7.63892
vt -0.40625 7.628
f 946/2917/296 945/3016/296 947/3017/297 948/2918/297 

vt -0.40625 11.3028
vt -0.40625 11.2916
f 948/2913/297 947/3018/297 949/3019/298 950/2914/298 

vt -0.40625 14.0074
vt -0.40625 13.996
f 949/3020/298 951/3021/299 952/2878/299 950/2877/298 

vt -0.40625 15.7067
vt -0.40625 15.695
f 951/3022/299 953/3023/300 1213/2874/300 952/2873/299 

usemtl Material13
v 16.8796 4.39782 -2.55028
vt -16.8796 1.1322
f 1190/2271/339 935/2273/339 1419/3024/339

f 1419/3024/339 935/2273/339 934/3007/339

v 16.889 4.4044 -2.55028
vt -16.889 1.13878
f 1419/3024/339 934/3007/339 1420/3025/339

f 1420/3025/339 934/3007/339 933/3008/339

v 16.9001 4.40854 -2.55028
vt -16.9001 1.14291
f 1420/3025/339 933/3008/339 1421/3026/339

f 1421/3026/339 933/3008/339 931/2213/339

f 1421/3026/339 931/2213/339 751/2212/339

vt -10.8288 1.22046
f 1183/2209/339 501/2210/339 499/3027/339

v 16.4509 4.50216 -2.55028
vt -16.4509 1.23653
f 1183/2209/339 499/3027/339 1422/3028/339

vt -10.8038 1.28075
f 502/3029/339 1422/3028/339 499/3027/339

v 16.426 4.55334 -2.55028
vt -16.426 1.28772
f 1422/3028/339 502/3029/339 1423/3030/339

f 1423/3030/339 502/3029/339 511/2193/339

v 16.4433 4.55334 -2.55028
vt -16.4433 1.28772
f 1423/3030/339 511/2193/339 1424/3031/339

v 16.4385 4.58973 -2.55028
vt -16.4385 1.3241
f 1424/3031/339 511/2193/339 1425/3032/339

f 1425/3032/339 511/2193/339 1181/2194/339

v 16.9158 4.55334 -2.55028
vt -16.9158 1.28772
f 1426/3033/339 1425/3032/339 1181/2194/339

v 16.8985 4.55334 -2.55028
vt -16.8985 1.28772
f 1427/3034/339 1425/3032/339 1426/3033/339

v 16.4635 4.53854 -2.55028
vt -16.4635 1.27292
f 1427/3034/339 1428/3035/339 1425/3032/339

f 1183/2209/339 1428/3035/339 1427/3034/339

v 16.4452 4.53854 -2.55028
vt -16.4452 1.27292
f 1183/2209/339 1429/3036/339 1428/3035/339

f 1429/3036/339 1183/2209/339 1422/3028/339

usemtl text
vn 1.55663e-31 2.22058e-31 -1
f 1424/3031/501 1425/3032/501 1428/3035/501 1429/3036/501 1422/3028/501 1423/3030/501 

v 16.9176 4.53854 -2.55028
vt -16.9176 1.27292
f 1426/3033/501 1181/2194/501 1182/2195/501 1430/3037/501 1183/2209/501 1427/3034/501 

usemtl Material13
f 1182/2195/339 1183/2209/339 1430/3037/339

v 21.1715 17.4772 -2.55028
vt -21.1715 14.2116
f 1128/2184/339 1175/2185/339 1431/3038/339

v 0.0127778 17.5253 -2.55028
vt -0.0127778 14.2597
f 1431/3038/339 1175/2185/339 1432/3039/339

vt -0.40625 13.9882
vt -0.40625 13.9391
vt 0 13.9391
v 0.0127778 17.5253 -2.14403
vt 0 13.9882
f 1432/3040/155 1175/3041/152 1176/3042/152 1433/3043/155 

v 0.0285452 17.5718 -2.55028
vt -0.40625 13.5561
vt -0.40625 13.507
vt 0 13.507
v 0.0285452 17.5718 -2.14403
vt 0 13.5561
f 1434/3044/157 1432/3045/155 1433/3046/155 1435/3047/157 

v 21.1619 17.5253 -2.55028
vt -21.1619 14.2597
vt -0.0285452 14.3061
f 1436/3048/339 1432/3039/339 1434/3049/339

f 1431/3038/339 1432/3039/339 1436/3048/339

vt 0.40625 9.80817
vt 0.40625 9.85722
vt 0 9.85722
vt 0 9.80817
f 1431/3050/151 1436/3051/154 357/3052/154 352/3053/151 

vt 0.40625 6.70067
v 21.1461 17.5718 -2.55028
vt 0.40625 6.74972
vt 0 6.74972
vt 0 6.70067
f 1436/3054/154 1437/3055/156 385/3056/156 357/3057/154 

vt -21.1461 14.3061
f 1436/3048/339 1434/3049/339 1437/3058/339

v 0.0502405 17.6158 -2.55028
vt -0.0502405 14.3501
f 1437/3058/339 1434/3049/339 1438/3059/339

vt -0.40625 12.8925
vt -0.40625 12.8434
vt 0 12.8434
vt 0 12.8925
f 1438/3060/160 1434/3061/157 1435/3062/157 394/3063/160 

v 0.0774925 17.6566 -2.55028
vt -0.40625 12.0087
vt -0.40625 11.9596
vt 0 11.9596
v 0.0774925 17.6566 -2.14403
vt 0 12.0087
f 1439/3064/161 1438/3065/160 394/3066/160 1440/3067/161 

v 21.1244 17.6158 -2.55028
vt -21.1244 14.3501
vt -0.0774925 14.3909
f 1441/3068/339 1438/3059/339 1439/3069/339

f 1437/3058/339 1438/3059/339 1441/3068/339

vt 0.40625 3.4781
vt 0.40625 3.52715
vt 0 3.52715
vt 0 3.4781
f 1437/3070/156 1441/3071/158 391/3072/158 385/3073/156 

vt 0.40625 0.195597
v 21.0972 17.6566 -2.55028
vt 0.40625 0.24465
vt 0 0.24465
vt 0 0.195597
f 1441/3074/158 1442/3075/159 392/3076/159 391/3077/158 

vt -21.0972 14.3909
f 1441/3068/339 1439/3069/339 1442/3078/339

v 0.109835 17.6934 -2.55028
vt -0.109835 14.4278
f 1442/3078/339 1439/3069/339 1443/3079/339

vt -0.40625 10.9198
vt -0.40625 10.8708
vt 0 10.8708
v 0.109835 17.6934 -2.14403
vt 0 10.9198
f 1443/3080/162 1439/3081/161 1440/3082/161 1444/3083/162 

v 0.146714 17.7258 -2.55028
vt -0.40625 9.64454
vt -0.40625 9.59549
vt 0 9.59549
v 0.146714 17.7258 -2.14403
vt 0 9.64454
f 1445/3084/163 1443/3085/162 1444/3086/162 1446/3087/163 

v 21.0648 17.6934 -2.55028
vt -21.0648 14.4278
vt -0.146714 14.4601
f 1447/3088/339 1443/3079/339 1445/3089/339

f 1442/3078/339 1443/3079/339 1447/3088/339

vt 0.40625 -3.09067
vt 0.40625 -3.04162
vt 0 -3.04162
vt 0 -3.09067
f 1442/3090/159 1447/3091/164 397/3092/164 392/3093/159 

vt 0.40625 -6.32447
v 21.028 17.7258 -2.55028
vt 0.40625 -6.27542
vt 0 -6.27542
vt 0 -6.32447
f 1447/3094/164 1448/3095/165 402/3096/165 397/3097/164 

vt -21.028 14.4601
f 1447/3088/339 1445/3089/339 1448/3098/339

v 0.1875 17.753 -2.55028
vt -0.1875 14.4874
f 1448/3098/339 1445/3089/339 1449/3099/339

vt -0.40625 8.20467
vt -0.40625 8.15562
vt 0 8.15562
vt 0 8.20467
f 1449/3100/166 1445/3101/163 1446/3102/163 403/3103/166 

v 0.231494 17.7747 -2.55028
vt -0.40625 6.62483
vt -0.40625 6.57578
vt 0 6.57578
vt 0 6.62483
f 1450/3104/168 1449/3105/166 403/3106/166 407/3107/168 

v 20.9872 17.753 -2.55028
vt -20.9872 14.4874
vt -0.231494 14.5091
f 1451/3108/339 1449/3099/339 1450/3109/339

f 1448/3098/339 1449/3099/339 1451/3108/339

vt 0.40625 -9.45049
vt 0.40625 -9.40143
vt 0 -9.40143
vt 0 -9.45049
f 1448/3110/165 1451/3111/167 406/3112/167 402/3113/165 

vt 0.40625 -12.4152
v 20.9432 17.7747 -2.55028
vt 0.40625 -12.3662
vt 0 -12.3662
vt 0 -12.4152
f 1451/3114/167 1452/3115/169 410/3116/169 406/3117/167 

vt -20.9432 14.5091
f 1451/3108/339 1450/3109/339 1452/3118/339

v 0.277943 17.7905 -2.55028
vt -0.277943 14.5249
f 1452/3118/339 1450/3109/339 1453/3119/339

vt -0.40625 4.93206
vt -0.40625 4.883
vt 0 4.883
v 0.277943 17.7905 -2.14403
vt 0 4.93206
f 1453/3120/170 1450/3121/168 407/3122/168 1454/3123/170 

v 0.326053 17.8001 -2.55028
vt -0.40625 3.15531
vt -0.40625 3.10626
vt 0 3.10626
vt 0 3.15531
f 1455/3124/172 1453/3125/170 1454/3126/170 415/3127/172 

v 20.8967 17.7905 -2.55028
vt -20.8967 14.5249
vt -0.326053 14.5344
f 1456/3128/339 1453/3119/339 1455/3129/339

f 1452/3118/339 1453/3119/339 1456/3128/339

vt 0.40625 -15.1679
vt 0.40625 -15.1189
vt 0 -15.1189
vt 0 -15.1679
f 1452/3130/169 1456/3131/171 414/3132/171 410/3133/169 

vt 0.40625 -17.6616
v 20.8486 17.8001 -2.55028
vt 0.40625 -17.6125
vt 0 -17.6125
vt 0 -17.6616
f 1456/3134/171 1457/3135/173 418/3136/173 414/3137/171 

vt -20.8486 14.5344
f 1456/3128/339 1455/3129/339 1457/3138/339

v 0.375 17.8033 -2.55028
vt -0.375 14.5376
f 1457/3138/339 1455/3129/339 1458/3139/339

vt -0.40625 1.325
vt -0.40625 1.27595
vt 0 1.27595
vt 0 1.325
f 1458/3140/174 1455/3141/172 415/3142/172 419/3143/174 

v 20.7997 17.8033 -2.55028
vt 20.7997 0.40625
vt 0.375 0.40625
f 419/1042/10 422/1041/10 1459/3144/10 1458/3145/10 

vt 0.40625 -19.8534
vt 0.40625 -19.8043
vt 0 -19.8043
vt 0 -19.8534
f 1457/3146/173 1459/3147/175 422/3148/175 418/3149/173 

vt -20.7997 14.5376
f 1457/3138/339 1458/3139/339 1459/3150/339

vt 0.40625 12.7474
vt 0.40625 12.7965
vt 0 12.7965
vt 0 12.7474
f 1128/3151/150 1431/3152/151 352/3153/151 342/3154/150 

v 3.55271e-15 4.12259 -2.26067
vt -0.116635 0.856968
f 1174/2179/22 1161/2167/22 1460/3155/22

v 3.55271e-15 4.1434 -2.26929
vt -0.125254 0.877777
f 1460/3155/22 1161/2167/22 1461/3156/22

v 3.55271e-15 4.16127 -2.283
vt -0.138966 0.895646
f 1461/3156/22 1161/2167/22 1462/3157/22

v 3.55271e-15 4.17498 -2.30087
vt -0.156834 0.909357
f 1462/3157/22 1161/2167/22 1463/3158/22

v 3.55271e-15 4.1836 -2.32168
vt -0.177643 0.917976
f 1463/3158/22 1161/2167/22 1464/3159/22

v 3.55271e-15 4.18654 -2.34401
vt -0.199974 0.920916
f 1464/3159/22 1161/2167/22 1465/3160/22

v 3.55271e-15 4.1836 -2.36634
vt -0.222304 0.917976
f 1465/3160/22 1161/2167/22 1466/3161/22

v 3.55271e-15 4.17498 -2.38715
vt -0.243113 0.909357
f 1466/3161/22 1161/2167/22 1467/3162/22

v 3.55271e-15 4.16127 -2.40502
vt -0.260982 0.895646
f 1467/3162/22 1161/2167/22 1468/3163/22

v 3.55271e-15 4.1434 -2.41873
vt -0.274693 0.877777
f 1468/3163/22 1161/2167/22 1469/3164/22

v 3.55271e-15 4.12259 -2.42735
vt -0.283312 0.856968
f 1469/3164/22 1161/2167/22 1470/3165/22

f 1470/3165/22 1161/2167/22 1162/2166/22

usemtl headphone_jack
vt 0 0.812657
vt 0 0.790134
v 0.375 4.10026 -2.43029
vt 0.375 0.790134
v 0.375 4.12259 -2.42735
vt 0.375 0.812657
f 1470/3166/26 1162/3167/4 1471/3168/4 1472/3169/26 

vt 0 0.86486
vt 0 0.842337
v 0.375 4.07793 -2.42735
vt 0.375 0.842337
vt 0.375 0.86486
f 1162/3170/4 1163/3171/5 1473/3172/5 1471/3173/4 

vt 0 0.858893
vt 0 0.836369
v 0.375 4.05712 -2.41873
vt 0.375 0.836369
vt 0.375 0.858893
f 1163/3174/5 1164/3175/6 1474/3176/6 1473/3177/5 

vt 0 0.79516
vt 0 0.772637
v 0.375 4.03925 -2.40502
vt 0.375 0.772637
vt 0.375 0.79516
f 1164/3178/6 1165/3179/7 1475/3180/7 1474/3181/6 

vt 0 0.678006
vt 0 0.655483
v 0.375 4.02554 -2.38715
vt 0.375 0.655483
vt 0.375 0.678006
f 1165/3182/7 1166/3183/8 1476/3184/8 1475/3185/7 

vt 0 0.515415
vt 0 0.492892
v 0.375 4.01692 -2.36634
vt 0.375 0.492892
vt 0.375 0.515415
f 1166/3186/8 1167/3187/9 1477/3188/9 1476/3189/8 

vt 0 0.318467
vt 0 0.295943
v 0.375 4.01398 -2.34401
vt 0.375 0.295943
vt 0.375 0.318467
f 1167/3190/9 1168/3191/10 1478/3192/10 1477/3193/9 

vt 0 -0.100582
vt 0 -0.0780593
v 0.375 4.01692 -2.32168
vt -0.375 -0.0780593
vt -0.375 -0.100582
f 1168/3194/10 1169/3195/11 1479/3196/11 1478/3197/10 

vt 0 0.123389
vt 0 0.145912
v 0.375 4.02554 -2.30087
vt -0.375 0.145912
vt -0.375 0.123389
f 1169/3198/11 1170/3199/12 1480/3200/12 1479/3201/11 

vt 0 0.338184
vt 0 0.360707
v 0.375 4.03925 -2.283
vt -0.375 0.360707
vt -0.375 0.338184
f 1170/3202/12 1171/3203/13 1481/3204/13 1480/3205/12 

vt 0 0.529164
vt 0 0.551688
v 0.375 4.05712 -2.26929
vt -0.375 0.551688
vt -0.375 0.529164
f 1171/3206/13 1172/3207/14 1482/3208/14 1481/3209/13 

vt 0 0.683316
vt 0 0.705839
v 0.375 4.07793 -2.26067
vt -0.375 0.705839
vt -0.375 0.683316
f 1172/3210/14 1173/3211/15 1483/3212/15 1482/3213/14 

v 0.375 4.10026 -2.25773
vt -0.375 0.812657
vt -0.375 0.790134
f 1173/3167/15 1174/3166/16 1484/3214/16 1483/3215/15 

v 0.375 4.12259 -2.26067
vt -0.375 0.86486
vt -0.375 0.842337
f 1174/3171/16 1460/3170/17 1485/3216/17 1484/3217/16 

v 0.375 4.1434 -2.26929
vt -0.375 0.858893
vt -0.375 0.836369
f 1460/3175/17 1461/3174/18 1486/3218/18 1485/3219/17 

v 0.375 4.16127 -2.283
vt -0.375 0.79516
vt -0.375 0.772637
f 1461/3179/18 1462/3178/19 1487/3220/19 1486/3221/18 

v 0.375 4.17498 -2.30087
vt -0.375 0.678006
vt -0.375 0.655483
f 1462/3183/19 1463/3182/20 1488/3222/20 1487/3223/19 

v 0.375 4.1836 -2.32168
vt -0.375 0.515415
vt -0.375 0.492892
f 1463/3187/20 1464/3186/21 1489/3224/21 1488/3225/20 

v 0.375 4.18654 -2.34401
vt -0.375 0.318467
vt -0.375 0.295943
f 1464/3191/21 1465/3190/1 1490/3226/1 1489/3227/21 

v 0.375 4.1836 -2.36634
vt 0.375 -0.100582
vt 0.375 -0.0780593
f 1465/3195/1 1466/3194/2 1491/3228/2 1490/3229/1 

v 0.375 4.17498 -2.38715
vt 0.375 0.123389
vt 0.375 0.145912
f 1466/3199/2 1467/3198/23 1492/3230/23 1491/3231/2 

v 0.375 4.16127 -2.40502
vt 0.375 0.338184
vt 0.375 0.360707
f 1467/3203/23 1468/3202/24 1493/3232/24 1492/3233/23 

v 0.375 4.1434 -2.41873
vt 0.375 0.529164
vt 0.375 0.551688
f 1468/3207/24 1469/3206/25 1494/3234/25 1493/3235/24 

vt 0.375 0.683316
vt 0.375 0.705839
f 1469/3211/25 1470/3210/26 1472/3236/26 1494/3237/25 

f 1488/3158/22 1489/3159/22 1490/3160/22 1491/3161/22 1492/3162/22 1493/3163/22 1494/3164/22 1472/3165/22 1471/2166/22 1473/2168/22 1474/2169/22 1475/2170/22 1476/2171/22 1477/2172/22 1478/2173/22 1479/2174/22 1480/2175/22 1481/2176/22 1482/2177/22 1483/2178/22 1484/2179/22 1485/3155/22 1486/3156/22 1487/3157/22 

g Mesh14 Group11 Group1 Model

usemtl glass_front
v 11.4101 9.72612 -2.56591
vt 4.69227 0.13391
vn -5.57521e-06 -0.00110451 0.999999
v 10.9348 9.72852 -2.56591
vt 3.74171 0.138709
v 10.9978 9.70219 -2.56621
vt 3.86758 0.0860438
vn -1.47684e-05 -0.00292579 0.999996
v 11.2088 9.65917 -2.5667
vt 4.28955 -5.39628e-06
v 11.3376 9.68463 -2.5664
vt 4.54726 0.0509148
f 1495/3238/502 1496/3239/502 1497/3240/503 1498/3241/503 1499/3242/503 

v 12.2027 11.4894 -2.57098
vt 6.27741 3.66039
vn 1.37442e-06 0.000272448 1
v 9.57251 11.5026 -2.57098
vt 1.01704 3.68694
v 9.57874 11.4515 -2.57083
vt 1.02951 3.5847
vn 3.61791e-06 0.000716748 1
v 9.54562 11.2139 -2.57015
vt 0.963252 3.1094
v 9.44878 11.0059 -2.56955
vt 0.769583 2.69347
v 9.28824 10.8276 -2.56904
vt 0.448499 2.33692
v 9.06399 10.679 -2.56861
vt 1.95226e-08 2.03975
v 9.22994 10.2976 -2.56752
vt 0.331905 1.27687
v 9.45753 9.96857 -2.56658
vt 0.787089 0.618818
v 9.70504 9.74119 -2.56593
vt 1.28211 0.164038
v 9.71824 9.73466 -2.56591
vt 1.30851 0.150993
v 10.2085 9.73219 -2.56591
vt 2.289 0.146044
v 10.2633 9.75363 -2.56597
vt 2.39871 0.188925
v 10.4252 9.80414 -2.56612
vt 2.72235 0.289956
v 10.5669 9.82054 -2.56617
vt 3.00592 0.322746
v 10.8392 9.76552 -2.56601
vt 3.55051 0.212708
v 10.9095 9.73927 -2.56594
vt 3.69105 0.160203
vt 3.74171 0.138711
vt 4.69227 0.133913
v 11.4733 9.76278 -2.56602
vt 4.8186 0.207231
v 11.6158 9.89444 -2.56639
vt 5.10356 0.470547
v 11.7651 10.079 -2.56693
vt 5.40214 0.839698
v 11.9577 10.3882 -2.56782
vt 5.7875 1.45814
v 12.0959 10.7114 -2.56874
vt 6.06379 2.10441
v 12.1795 11.0484 -2.56971
vt 6.23101 2.77851
v 12.2086 11.3994 -2.57072
vt 6.28916 3.48046
f 1500/3243/504 1501/3244/504 1502/3245/505 1503/3246/505 1504/3247/505 1505/3248/505 1506/3249/505 1507/3250/505 1508/3251/505 1509/3252/505 1510/3253/502 1511/3254/502 1512/3255/505 1513/3256/505 1514/3257/505 1515/3258/505 1516/3259/505 1496/3260/502 1495/3261/502 1517/3262/505 1518/3263/505 1519/3264/505 1520/3265/505 1521/3266/505 1522/3267/505 1523/3268/505 

v 12.1928 11.6409 -2.57087
vt 6.25753 3.96354
vn -8.69074e-07 -0.000171852 1
v 12.1427 11.8577 -2.57072
vt 6.1575 4.39704
v 12.0585 12.05 -2.57059
vt 5.98908 4.78157
v 11.9401 12.2177 -2.57048
vt 5.75227 5.11714
v 11.7935 12.354 -2.57038
vt 5.45896 5.38962
v 11.6245 12.4516 -2.57032
vt 5.12103 5.58489
v 11.4332 12.5106 -2.57028
vt 4.73848 5.70296
v 11.2196 12.5311 -2.57026
vt 4.31132 5.74383
v 11.0571 12.5162 -2.57027
vt 3.98625 5.71414
v 10.9355 12.479 -2.5703
vt 3.74305 5.63969
v 10.9052 12.47 -2.57031
vt 3.68252 5.62165
v 10.8383 12.4427 -2.57033
vt 3.54866 5.56702
v 10.7678 12.4135 -2.57035
vt 3.40756 5.50874
v 10.6159 12.3737 -2.57037
vt 3.1039 5.42916
v 10.4519 12.4096 -2.57035
vt 2.77573 5.50087
v 10.36 12.4469 -2.57032
vt 2.59198 5.57553
v 10.2915 12.4731 -2.57031
vt 2.45505 5.62784
v 10.1189 12.5196 -2.57028
vt 2.10984 5.72084
v 9.929 12.5358 -2.57026
vt 1.73002 5.75318
v 9.70482 12.514 -2.57028
vt 1.28167 5.70958
v 9.50344 12.4462 -2.57033
vt 0.878891 5.57404
v 9.32483 12.3324 -2.57041
vt 0.52168 5.34656
v 9.16901 12.1727 -2.57052
vt 0.210034 5.02713
v 9.34906 12.0149 -2.57062
vt 0.570147 4.71145
v 9.47737 11.8421 -2.57074
vt 0.826764 4.36588
v 9.55393 11.6544 -2.57087
vt 0.979884 3.99041
f 1501/3244/504 1500/3243/504 1524/3269/506 1525/3270/506 1526/3271/506 1527/3272/506 1528/3273/506 1529/3274/506 1530/3275/506 1531/3276/506 1532/3277/506 1533/3278/506 1534/3279/506 1535/3280/506 1536/3281/506 1537/3282/506 1538/3283/506 1539/3284/506 1540/3285/506 1541/3286/506 1542/3287/506 1543/3288/506 1544/3289/506 1545/3290/506 1546/3291/506 1547/3292/506 1548/3293/506 1549/3294/506 

vt 0.00506666 3.24181
vn 0.997865 0.0653116 7.73855e-17
vt 0.0049625 3.54561
vn 0.989343 0.145606 3.1009e-16
v 12.1928 11.6409 -2.55064
vt -0.01527 3.54561
v 12.2027 11.4894 -2.55074
vt -0.0151658 3.24181
f 1500/3295/507 1524/3296/508 1550/3297/508 1551/3298/507 

vt 0.0049625 2.45515
vt 0.00481369 2.90004
vn 0.9493 0.314372 6.8927e-16
v 12.1427 11.8577 -2.55049
vt -0.0154188 2.90004
vt -0.01527 2.45515
f 1524/3299/508 1525/3300/509 1552/3301/509 1550/3302/508 

vt 0.00481369 1.55733
vt 0.00468183 1.97713
vn 0.870941 0.491387 8.02889e-16
v 12.0585 12.05 -2.55036
vt -0.0155506 1.97713
vt -0.0154188 1.55733
f 1525/3303/509 1526/3304/510 1553/3305/510 1552/3306/509 

vt 0.00468183 0.453477
vt 0.00456691 0.864187
vn 0.752876 0.658163 1.56789e-15
v 11.9401 12.2177 -2.55024
vt -0.0156655 0.864187
vt -0.0155506 0.453477
f 1526/3307/510 1527/3308/511 1554/3309/511 1553/3310/510 

vt 0.00456691 -0.73163
vt 0.00447377 -0.331283
vn 0.594213 0.804308 2.08653e-15
v 11.7935 12.354 -2.55015
vt -0.0157587 -0.331283
vt -0.0156655 -0.73163
f 1527/3311/511 1528/3312/512 1555/3313/512 1554/3314/511 

vt 0.00447377 -2.02995
vt 0.00440724 -1.63966
vn 0.400147 0.916451 1.85938e-15
v 11.6245 12.4516 -2.55008
vt -0.0158252 -1.63966
vt -0.0157587 -2.02995
f 1528/3315/512 1529/3316/513 1556/3317/513 1555/3318/512 

vt 0.00440724 -3.24614
vt 0.00436733 -2.84579
vn 0.196101 0.980584 1.99635e-15
v 11.4332 12.5106 -2.55004
vt -0.0158651 -2.84579
vt -0.0158252 -3.24614
f 1529/3319/513 1530/3320/514 1557/3321/514 1556/3322/513 

vt 0.00436733 -4.17378
vt 0.00435402 -3.74466
vn 0.00214007 0.999998 2.08612e-15
v 11.2196 12.5311 -2.55003
vt -0.0158784 -3.74466
vt -0.0158651 -4.17378
f 1530/3323/514 1531/3324/515 1558/3325/515 1557/3326/514 

vt -0.00435402 4.81602
vt -0.00436479 4.48959
vn -0.192873 0.981224 2.41692e-15
v 11.0571 12.5162 -2.55004
vt 0.0158677 4.48959
vt 0.0158784 4.81602
f 1531/3327/515 1532/3328/516 1559/3329/516 1558/3330/515 

vt -0.00436479 5.48429
vt -0.00439027 5.22996
vn -0.289141 0.957286 2.37766e-15
v 10.9355 12.479 -2.55007
vt 0.0158422 5.22996
vt 0.0158677 5.48429
f 1532/3331/516 1533/3332/517 1560/3333/517 1559/3334/516 

vt -0.00439027 5.19765
vt -0.00439711 5.13448
vn -0.33211 0.943241 1.83615e-15
v 10.9052 12.47 -2.55007
vt 0.0158354 5.13448
vt 0.0158422 5.19765
f 1533/3335/517 1534/3336/518 1561/3337/518 1560/3338/517 

vt -0.00439711 5.53373
vt -0.00441612 5.38915
vn -0.37982 0.92506 1.90149e-15
v 10.8383 12.4427 -2.55009
vt 0.0158163 5.38915
vt 0.0158354 5.53373
f 1534/3339/518 1535/3340/519 1562/3341/519 1561/3342/518 

vt -0.00441612 5.4052
vt -0.00443639 5.25255
vn -0.318371 0.947966 2.38733e-15
v 10.7678 12.4135 -2.55011
vt 0.0157961 5.25255
vt 0.0158163 5.4052
f 1535/3343/519 1536/3344/520 1563/3345/520 1562/3346/519 

vt -0.00443639 4.69277
vt -0.00446427 4.37885
vn -0.0205865 0.999788 2.43639e-15
v 10.6159 12.3737 -2.55014
vt 0.0157682 4.37885
vt 0.0157961 4.69277
f 1536/3347/520 1537/3348/521 1564/3349/521 1563/3350/520 

vt 0.00446427 -1.87335
vt 0.00444019 -1.53743
vn 0.296052 0.955172 2.25467e-15
v 10.4519 12.4096 -2.55012
vt -0.0157923 -1.53743
vt -0.0157682 -1.87335
f 1537/3351/521 1538/3352/522 1565/3353/522 1564/3354/521 

vt 0.00444019 -0.500612
vt 0.00441485 -0.302272
vn 0.366691 0.930343 2.2305e-15
v 10.36 12.4469 -2.55009
vt -0.0158176 -0.302272
vt -0.0157923 -0.500612
f 1538/3355/522 1539/3356/523 1566/3357/523 1565/3358/522 

vt 0.00441485 -0.431546
vt 0.00439711 -0.284968
vn 0.308894 0.951096 2.24657e-15
v 10.2915 12.4731 -2.55007
vt -0.0158354 -0.284968
vt -0.0158176 -0.431546
f 1539/3359/523 1540/3360/524 1567/3361/524 1566/3362/523 

vt 0.00439711 -0.906648
vt 0.00436575 -0.549127
vn 0.173158 0.984894 2.24077e-15
v 10.1189 12.5196 -2.55004
vt -0.0158667 -0.549127
vt -0.0158354 -0.906648
f 1540/3363/524 1541/3364/525 1568/3365/525 1567/3366/524 

vt 0.00436575 -1.61695
vt 0.00435529 -1.23576
vn -0.006 0.999982 2.30137e-15
v 9.929 12.5358 -2.55003
vt -0.0158772 -1.23576
vt -0.0158667 -1.61695
f 1541/3367/525 1542/3368/526 1569/3369/526 1568/3370/525 

vt -0.00435529 2.27867
vt -0.00437105 1.82821
vn -0.209211 0.977871 1.79627e-15
v 9.70482 12.514 -2.55005
vt 0.0158614 1.82821
vt 0.0158772 2.27867
f 1542/3371/526 1543/3372/527 1570/3373/527 1569/3374/526 

vt -0.00437105 3.03573
vt -0.00441833 2.61076
vn -0.431213 0.90225 7.80761e-16
v 9.50344 12.4462 -2.5501
vt 0.0158141 2.61076
vt 0.0158614 3.03573
f 1543/3375/527 1544/3376/528 1571/3377/528 1570/3378/527 

vt -0.00441833 3.73548
vt -0.00449713 3.31198
vn -0.630658 0.776061 9.60865e-16
v 9.32483 12.3324 -2.55017
vt 0.0157353 3.31198
vt 0.0158141 3.73548
f 1544/3379/528 1545/3380/529 1572/3381/529 1571/3382/528 

vt -0.00449713 4.19125
vt -0.00460746 3.74497
vn -0.99924 -0.0389875 2.17358e-16
v 9.16901 12.1727 -2.55028
vt 0.015625 3.74497
vt 0.0157353 4.19125
f 1545/3383/529 1546/3384/530 1573/3385/530 1572/3386/529 

vt -0.00460746 3.15589
vt -0.00471533 2.677
vn -0.735158 -0.677896 -9.01387e-16
v 9.34906 12.0149 -2.55039
vt 0.0155171 2.677
vt 0.015625 3.15589
f 1546/3387/530 1547/3388/531 1574/3389/531 1573/3390/530 

vt -0.00471533 3.44267
vt -0.00483365 3.01224
vn -0.871286 -0.490776 -7.07227e-16
v 9.47737 11.8421 -2.55051
vt 0.0153988 3.01224
vt 0.0155171 3.44267
f 1547/3391/531 1548/3392/532 1575/3393/532 1574/3394/531 

vt -0.00483365 3.73043
vt -0.00496243 3.32494
vn -0.967785 -0.25178 -4.76174e-16
v 9.55393 11.6544 -2.55064
vt 0.01527 3.32494
vt 0.0153988 3.73043
f 1548/3395/532 1549/3396/533 1576/3397/533 1575/3398/532 

vt -0.00496243 3.84177
vt -0.00506666 3.53603
vn -0.992616 -0.121303 -1.93211e-16
v 9.57251 11.5026 -2.55074
vt 0.0151658 3.53603
vt 0.01527 3.84177
f 1549/3399/533 1501/3400/534 1577/3401/534 1576/3402/533 

vt -0.00506666 3.53666
vt -0.00492018 3.43365
vn -0.999963 0.00855785 4.1458e-17
v 9.57874 11.4515 -2.5506
vt 0.0153123 3.43365
vt 0.0151658 3.53666
f 1501/3403/534 1502/3404/535 1578/3405/535 1577/3406/534 

vt -0.00492018 3.6925
vt -0.00423836 3.21261
vn -0.959057 0.283213 4.59118e-16
v 9.54562 11.2139 -2.54992
vt 0.0159941 3.21261
vt 0.0153123 3.6925
f 1502/3407/535 1503/3408/536 1579/3409/536 1578/3410/535 

vt -0.00423836 3.2254
vt -0.00364073 2.7666
vn -0.834018 0.551737 6.83451e-16
v 9.44878 11.0059 -2.54932
vt 0.0165917 2.7666
vt 0.0159941 3.2254
f 1503/3411/536 1504/3412/537 1580/3413/537 1579/3414/536 

vt -0.00364073 2.5165
vt -0.0031273 2.03669
vn -0.652921 0.757426 1.29887e-15
v 9.28824 10.8276 -2.5488
vt 0.0171052 2.03669
vt 0.0165917 2.5165
f 1504/3415/537 1505/3416/538 1581/3417/538 1580/3418/537 

vt -0.0031273 1.66467
vt -0.00269805 1.12666
vn -0.958921 0.283673 2.63707e-16
v 9.06399 10.679 -2.54838
vt 0.0175344 1.12666
vt 0.0171052 1.66467
f 1505/3419/538 1506/3420/539 1582/3421/539 1581/3422/538 

vt -0.00269805 1.87039
vt -0.00160688 1.03845
vn -0.873838 -0.486217 -1.57965e-15
v 9.22994 10.2976 -2.54728
vt 0.0186256 1.03845
vt 0.0175344 1.87039
f 1506/3423/539 1507/3424/540 1583/3425/540 1582/3426/539 

vt -0.00160688 0.861316
vt -0.000666851 0.0611713
vn -0.754148 -0.656705 -4.42854e-16
v 9.45753 9.96857 -2.54634
vt 0.0195656 0.0611713
vt 0.0186256 0.861316
f 1507/3427/540 1508/3428/541 1584/3429/541 1583/3430/540 

vt -0.000666851 -0.160962
vt -1.85085e-05 -0.833174
vn -0.565486 -0.824758 -5.12101e-16
v 9.70504 9.74119 -2.5457
vt 0.020214 -0.833174
vt 0.0195656 -0.160962
f 1508/3431/541 1509/3432/542 1585/3433/542 1584/3434/541 

vt -1.85085e-05 -1.07674
vt -4.08591e-14 -1.10618
vn -0.440598 -0.897704 -2.06222e-15
v 9.71824 9.73466 -2.54568
vt 0.0202325 -1.10618
vt 0.020214 -1.07674
f 1509/3435/542 1510/3436/543 1586/3437/543 1585/3438/542 

vt -4.15624e-14 -1.11006
v 9.82063 9.68476 -2.56649
vt -0.000578001 -1.33786
vn -0.307735 -0.951472 -2.15345e-15
v 9.82063 9.68476 -2.54625
vt 0.0196545 -1.33786
vt 0.0202325 -1.11006
f 1510/3439/543 1587/3440/544 1588/3441/544 1586/3442/543 

vt 2.289 0.146041
vt 1.30851 0.150991
vt 1.51327 0.051179
v 9.93076 9.66562 -2.5667
vt 1.73353 0.0128967
f 1511/3443/502 1510/3444/502 1587/3445/503 1589/3446/503 

vt -0.000578001 -1.48216
vt -0.000795504 -1.70572
vn 0.031581 -0.999501 -2.46986e-15
v 9.93076 9.66562 -2.54647
vt 0.019437 -1.70572
vt 0.0196545 -1.48216
f 1587/3447/544 1589/3448/545 1590/3449/545 1588/3450/544 

vt 0.000795504 1.68879
vt 1.43364e-14 2.25999
vn 0.299266 -0.95417 -2.45475e-15
v 10.2085 9.73219 -2.54568
vt -0.0202325 2.25999
vt -0.019437 1.68879
f 1589/3451/545 1511/3452/546 1591/3453/546 1590/3454/545 

vt 2.06721e-14 2.18511
vt 6.22627e-05 2.30291
vn 0.331216 -0.943555 -2.24185e-15
v 10.2633 9.75363 -2.54574
vt -0.0201702 2.30291
vt -0.0202325 2.18511
f 1511/3455/546 1512/3456/547 1592/3457/547 1591/3458/546 

vt 6.22627e-05 2.34603
vt 0.000209432 2.68507
vn 0.207342 -0.978268 -2.46582e-15
v 10.4252 9.80414 -2.54589
vt -0.020023 2.68507
vt -0.0201702 2.34603
f 1512/3459/547 1513/3460/548 1593/3461/548 1592/3462/547 

vt 0.000209432 2.73763
vt 0.000258489 3.02309
vn -0.0421123 -0.999113 -2.42034e-15
v 10.5669 9.82054 -2.54594
vt -0.019974 3.02309
vt -0.020023 2.73763
f 1513/3463/548 1514/3464/549 1594/3465/549 1593/3466/548 

vt -0.000258489 -2.88245
vt -0.00010469 -3.43806
vn -0.274872 -0.961481 -2.19883e-15
v 10.8392 9.76552 -2.54578
vt 0.0201278 -3.43806
vt 0.019974 -2.88245
f 1514/3467/549 1515/3468/550 1595/3469/550 1594/3470/549 

vt -0.00010469 -3.25154
vt -3.04423e-05 -3.40156
vn -0.370336 -0.928898 -1.95565e-15
v 10.9095 9.73927 -2.54571
vt 0.020202 -3.40156
vt 0.0201278 -3.25154
f 1515/3471/550 1516/3472/551 1596/3473/551 1595/3474/550 

vt -3.04423e-05 -3.33539
vt -5.7387e-15 -3.39043
vn -0.388257 -0.921551 -1.77562e-15
v 10.9348 9.72852 -2.54568
vt 0.0202325 -3.39043
vt 0.020202 -3.33539
f 1516/3475/551 1496/3476/552 1597/3477/552 1596/3478/551 

vt -5.11751e-15 -3.3982
vt -0.00030445 -3.53464
vn -0.294298 -0.955714 -1.92536e-15
v 10.9978 9.70219 -2.54598
vt 0.019928 -3.53464
vt 0.0202325 -3.3982
f 1496/3479/552 1497/3480/553 1598/3481/553 1597/3482/552 

vt -0.00030445 -3.7724
vt -0.000795504 -4.20305
vn -0.00304734 -0.999995 -2.24427e-15
v 11.2088 9.65917 -2.54647
vt 0.019437 -4.20305
vt 0.019928 -3.7724
f 1497/3483/553 1498/3484/554 1599/3485/554 1598/3486/553 

vt 0.000795504 4.2082
vt 0.000489932 4.47089
vn 0.349885 -0.936792 -1.98491e-15
v 11.3376 9.68463 -2.54617
vt -0.0197425 4.47089
vt -0.019437 4.2082
f 1498/3487/554 1499/3488/555 1600/3489/555 1599/3490/554 

vt 0.000489932 3.97188
vt 9.55856e-15 4.13896
vn 0.499354 -0.866398 -1.99328e-15
v 11.4101 9.72612 -2.54568
vt -0.0202325 4.13896
vt -0.0197425 3.97188
f 1499/3491/555 1495/3492/556 1601/3493/556 1600/3494/555 

vt 6.33196e-15 4.1255
vt 0.000106014 4.27156
vn 0.593908 -0.804533 -1.9283e-15
v 11.4733 9.76278 -2.54578
vt -0.0201264 4.27156
vt -0.0202325 4.1255
f 1495/3495/556 1517/3496/557 1602/3497/557 1601/3498/556 

vt 0.000106014 3.67966
vt 0.000485539 4.06765
vn 0.729995 -0.683453 -8.88657e-16
v 11.6158 9.89444 -2.54616
vt -0.0197469 4.06765
vt -0.0201264 3.67966
f 1517/3499/557 1518/3500/558 1603/3501/558 1602/3502/557 

vt 0.000485539 3.57536
vt 0.00101688 4.05015
vn 0.814646 -0.579958 -7.42994e-16
v 11.7651 10.079 -2.54669
vt -0.0192156 4.05015
vt -0.0197469 3.57536
f 1518/3503/558 1519/3504/559 1604/3505/559 1603/3506/558 

vt 0.00101688 3.5696
vt 0.00190619 4.29827
vn 0.886707 -0.462331 -1.27738e-15
v 11.9577 10.3882 -2.54758
vt -0.0183263 4.29827
vt -0.0192156 3.5696
f 1519/3507/559 1520/3508/560 1605/3509/560 1604/3510/559 

vt 0.00190619 3.6158
vt 0.00283462 4.31866
vn 0.948105 -0.317958 -1.03676e-15
v 12.0959 10.7114 -2.54851
vt -0.0173978 4.31866
vt -0.0183263 3.6158
f 1520/3511/560 1521/3512/561 1606/3513/561 1605/3514/560 

vt 0.00283462 3.50244
vt 0.00380215 4.19697
vn 0.986761 -0.162181 -3.6205e-16
v 12.1795 11.0484 -2.54948
vt -0.0164303 4.19697
vt -0.0173978 3.50244
f 1521/3515/561 1522/3516/562 1607/3517/562 1606/3518/561 

vt 0.00380215 3.28343
vt 0.00480881 3.98778
vn 0.999962 -0.00870569 2.90111e-17
v 12.2086 11.3994 -2.55049
vt -0.0154236 3.98778
vt -0.0164303 3.28343
f 1522/3519/562 1523/3520/563 1608/3521/563 1607/3522/562 

vt 0.00480881 3.06305
vt 0.00506666 3.24336
vt -0.0151658 3.24336
vt -0.0154236 3.06305
f 1523/3523/563 1500/3524/507 1551/3525/507 1608/3526/563 

vt 6.27741 3.66036
vt 1.01704 3.68691
vt 1.02951 3.58467
vt 0.963252 3.10937
vt 0.769583 2.69344
vt 0.448499 2.3369
vt -1.26876e-07 2.03972
vt 0.331905 1.27685
vt 0.787089 0.618789
vt 1.28211 0.164009
vt 1.30851 0.150964
vt 2.289 0.146015
vt 2.39871 0.188896
vt 2.72235 0.289927
vt 3.00592 0.322717
vt 3.55051 0.212679
vt 3.69105 0.160174
vt 3.74171 0.138682
vt 4.69227 0.133884
vt 4.8186 0.207202
vt 5.10356 0.470518
vt 5.40214 0.839669
vt 5.7875 1.45811
vt 6.06379 2.10438
vt 6.23101 2.77848
vt 6.28916 3.48043
f 1551/3527/504 1577/3528/504 1578/3529/505 1579/3530/505 1580/3531/505 1581/3532/505 1582/3533/505 1583/3534/505 1584/3535/505 1585/3536/505 1586/3537/502 1591/3538/502 1592/3539/505 1593/3540/505 1594/3541/505 1595/3542/505 1596/3543/505 1597/3544/502 1601/3545/502 1602/3546/505 1603/3547/505 1604/3548/505 1605/3549/505 1606/3550/505 1607/3551/505 1608/3552/505 

vt 1.01704 3.68695
vt 6.1575 4.39705
vt 5.98908 4.78158
vt 5.12103 5.5849
vt 4.73848 5.70297
vt 4.31132 5.74384
vt 3.68252 5.62166
vt 3.54866 5.56703
vt 2.59198 5.57554
vt 2.45505 5.62785
vt 2.10984 5.72085
vt 1.28167 5.70959
vt 0.878891 5.57405
vt 0.570147 4.71146
f 1577/3553/504 1551/3243/504 1550/3269/506 1552/3554/506 1553/3555/506 1554/3272/506 1555/3273/506 1556/3556/506 1557/3557/506 1558/3558/506 1559/3277/506 1560/3278/506 1561/3559/506 1562/3560/506 1563/3281/506 1564/3282/506 1565/3283/506 1566/3561/506 1567/3562/506 1568/3563/506 1569/3287/506 1570/3564/506 1571/3565/506 1572/3290/506 1573/3291/506 1574/3566/506 1575/3293/506 1576/3294/506 

vt 2.289 0.14616
vt 1.30851 0.151109
vt 1.51328 0.0512974
vt 1.73354 0.0130151
f 1591/3567/502 1586/3568/502 1588/3569/503 1590/3570/503 

vt 4.69227 0.134029
vt 3.74172 0.138827
vt 3.86758 0.0861622
vt 4.28955 0.000112994
vt 4.54726 0.0510332
f 1601/3571/502 1597/3572/502 1598/3573/503 1599/3574/503 1600/3575/503 

g Mesh15 Group11 Group1 Model

v 10.2392 13.2887 -2.56975
vt 2.35046 7.25897
vn -8.67398e-07 -0.000171841 1
v 10.113 13.3466 -2.56971
vt 2.0981 7.37477
v 9.97839 13.3798 -2.56968
vt 1.8288 7.44135
v 9.91887 13.3894 -2.56968
vt 1.70975 7.46038
v 9.91295 13.2898 -2.56975
vt 1.69792 7.26134
v 9.92638 13.1352 -2.56985
vt 1.72479 6.95207
v 9.9683 12.9902 -2.56995
vt 1.80862 6.6621
v 10.0387 12.8549 -2.57005
vt 1.9494 6.39143
v 10.1376 12.7292 -2.57013
vt 2.14715 6.14005
v 10.2554 12.6233 -2.5702
vt 2.38278 5.92836
v 10.3826 12.5475 -2.57026
vt 2.63722 5.77671
v 10.5192 12.5017 -2.57029
vt 2.91046 5.68511
v 10.6652 12.486 -2.5703
vt 3.20251 5.65357
v 10.6748 12.5891 -2.57023
vt 3.2216 5.85995
v 10.6623 12.7226 -2.57013
vt 3.19655 6.12692
v 10.6233 12.8521 -2.57004
vt 3.11866 6.38587
v 10.4662 13.099 -2.56988
vt 2.80435 6.87968
f 1609/3576/564 1610/3577/564 1611/3578/564 1612/3579/564 1613/3580/564 1614/3581/564 1615/3582/564 1616/3583/564 1617/3584/564 1618/3585/564 1619/3586/564 1620/3587/564 1621/3588/564 1622/3589/564 1623/3590/564 1624/3591/564 1625/3592/564 

vt 0.0038367 0.891164
vn 0.533862 0.845572 2.56229e-15
vt 0.00379734 1.16883
vn 0.329976 0.943989 1.9699e-15
v 10.113 13.3466 -2.54947
vt -0.0164351 1.16883
v 10.2392 13.2887 -2.54951
vt -0.0163958 0.891164
f 1609/3593/565 1610/3594/566 1626/3595/566 1627/3596/565 

vt 0.00379734 -0.266992
vt 0.00377493 0.0104224
vn 0.199116 0.979976 2.18839e-15
v 9.97839 13.3798 -2.54945
vt -0.0164575 0.0104224
vt -0.0164351 -0.266992
f 1610/3597/566 1611/3598/567 1628/3599/567 1626/3600/566 

vt 0.00377493 -0.630839
vt 0.00376859 -0.510283
vn -0.626004 0.77982 1.72307e-15
v 9.91887 13.3894 -2.54945
vt -0.0164639 -0.510283
vt -0.0164575 -0.630839
f 1611/3601/567 1612/3602/568 1629/3603/568 1628/3604/567 

vt -0.00376859 7.54872
vt -0.00383702 7.34932
vn -0.999907 -0.0136345 6.61146e-17
v 9.91295 13.2898 -2.54951
vt 0.0163954 7.34932
vt 0.0164639 7.54872
f 1612/3605/568 1613/3606/569 1630/3607/569 1629/3608/568 

vt -0.00383702 7.08713
vt -0.00394326 6.77669
vn -0.983112 -0.183005 -4.23188e-16
v 9.92638 13.1352 -2.54962
vt 0.0162892 6.77669
vt 0.0163954 7.08713
f 1613/3609/569 1614/3610/570 1631/3611/570 1630/3612/569 

vt -0.00394326 6.19958
vt -0.00404277 5.89773
vn -0.928469 -0.371411 -7.0441e-16
v 9.9683 12.9902 -2.54972
vt 0.0161897 5.89773
vt 0.0162892 6.19958
f 1614/3613/570 1615/3614/571 1632/3615/571 1631/3616/570 

vt -0.00404277 5.07578
vt -0.00413555 4.77068
vn -0.840225 -0.542238 -8.50547e-16
v 10.0387 12.8549 -2.54981
vt 0.0160969 4.77068
vt 0.0161897 5.07578
f 1615/3617/571 1616/3618/572 1633/3619/572 1632/3620/571 

vt -0.00413555 3.81806
vt -0.0042216 3.49822
vn -0.729841 -0.683617 -1.51533e-15
v 10.1376 12.7292 -2.5499
vt 0.0160109 3.49822
vt 0.0160969 3.81806
f 1616/3621/572 1617/3622/573 1634/3623/573 1633/3624/572 

vt -0.0042216 2.5063
vt -0.00429395 2.18954
vn -0.592947 -0.805241 -1.79484e-15
v 10.2554 12.6233 -2.54997
vt 0.0159385 2.18954
vt 0.0160109 2.5063
f 1617/3625/573 1618/3626/574 1635/3627/574 1634/3628/573 

vt -0.00429395 0.988355
vt -0.00434563 0.692156
vn -0.417293 -0.908772 -1.86622e-15
v 10.3826 12.5475 -2.55002
vt 0.0158868 0.692156
vt 0.0159385 0.988355
f 1618/3629/574 1619/3630/575 1636/3631/575 1635/3632/574 

vt -0.00434563 -0.664408
vt -0.00437664 -0.952594
vn -0.21386 -0.976864 -2.12946e-15
v 10.5192 12.5017 -2.55005
vt 0.0158558 -0.952594
vt 0.0158868 -0.664408
f 1619/3633/575 1620/3634/576 1637/3635/576 1636/3636/575 

vt -0.00437664 -2.28309
vt -0.00438697 -2.57683
vn 0.633038 -0.774121 -1.83827e-15
v 10.6652 12.486 -2.55006
vt 0.0158455 -2.57683
vt 0.0158558 -2.28309
f 1620/3637/576 1621/3638/577 1638/3639/577 1637/3640/576 

vt 0.00438697 5.92455
vt 0.00431601 6.13181
vn 1 0.000655306 -1.89886e-16
v 10.6748 12.5891 -2.54999
vt -0.0159165 6.13181
vt -0.0158455 5.92455
f 1621/3641/577 1622/3642/578 1639/3643/578 1638/3644/577 

vt 0.00431601 5.53333
vt 0.0042243 5.80148
vn 0.981456 0.191687 2.00774e-16
v 10.6623 12.7226 -2.5499
vt -0.0160082 5.80148
vt -0.0159165 5.53333
f 1622/3645/578 1623/3646/579 1640/3647/579 1639/3648/578 

vt 0.0042243 4.94644
vt 0.00413544 5.21684
vn 0.909169 0.416428 7.50078e-16
v 10.6233 12.8521 -2.54981
vt -0.016097 5.21684
vt -0.0160082 4.94644
f 1623/3649/579 1624/3650/580 1641/3651/580 1640/3652/579 

vt 0.00413544 3.71258
vt 0.00396627 4.29793
vn 0.751306 0.659954 2.28753e-15
v 10.4662 13.099 -2.54964
vt -0.0162662 4.29793
vt -0.016097 3.71258
f 1624/3653/580 1625/3654/581 1642/3655/581 1641/3656/580 

vt 0.00396627 2.25962
vt 0.0038367 2.85112
vt -0.0163958 2.85112
vt -0.0162662 2.25962
f 1625/3657/581 1609/3658/565 1627/3659/565 1642/3660/581 

vt 2.35046 7.25898
vt 2.0981 7.37478
vt 1.70975 7.46039
vt 1.69792 7.26135
vt 1.72479 6.95208
vt 1.80862 6.66211
vt 2.14715 6.14006
vt 2.63722 5.77672
vt 2.91046 5.68512
vt 3.19655 6.12693
vt 3.11866 6.38588
f 1627/3661/564 1626/3662/564 1628/3578/564 1629/3663/564 1630/3664/564 1631/3665/564 1632/3666/564 1633/3583/564 1634/3667/564 1635/3585/564 1636/3668/564 1637/3669/564 1638/3588/564 1639/3589/564 1640/3670/564 1641/3671/564 1642/3592/564 

